delay_steps,delay_seconds,model_seed,eval_episodes,instant_entry_count,strict_success_count,first_entry_not_maintained_count,instant_only_failure_count,pre_success_exit_count,reentry_then_success_count,instantaneous_entry_rate,strict_success_rate,instant_only_failure_rate,first_entry_false_positive_rate,pre_success_exit_rate,reentry_then_success_rate,mean_steps_all,mean_one_step_lead_steps_success,mean_one_step_lead_seconds_success,mean_extra_recovery_steps_success,mean_extra_recovery_seconds_success,mean_extra_recovery_steps_transient_success,mean_final_xyz_m,mean_final_yaw_deg
0,0.0,0,100,100,100,0,0,0,0,1.0,1.0,0.0,0.0,0.0,0.0,57.02,4.0,0.19999999999999996,0.0,0.0,nan,0.07048164449821286,1.4532071121967278
0,0.0,1,100,100,100,0,0,0,0,1.0,1.0,0.0,0.0,0.0,0.0,56.13,4.0,0.19999999999999996,0.0,0.0,nan,0.06437805958302577,1.7435137884122116
0,0.0,2,100,100,100,0,0,0,0,1.0,1.0,0.0,0.0,0.0,0.0,53.9,4.0,0.19999999999999996,0.0,0.0,nan,0.06628250292089334,1.2151610134463564
0,0.0,3,100,100,100,0,0,0,0,1.0,1.0,0.0,0.0,0.0,0.0,53.43,4.0,0.19999999999999996,0.0,0.0,nan,0.06531341208331849,1.4913227396762343
0,0.0,4,100,100,100,0,0,0,0,1.0,1.0,0.0,0.0,0.0,0.0,54.25,4.0,0.19999999999999996,0.0,0.0,nan,0.06462002552728267,1.4925565328666226
1,0.05,0,100,100,100,1,0,1,1,1.0,1.0,0.0,0.01,0.01,0.01,57.35,4.42,0.221,0.42,0.021,42.0,0.06994857749709757,1.4469585293259666
1,0.05,1,100,100,100,1,0,1,1,1.0,1.0,0.0,0.01,0.01,0.01,56.7,4.06,0.20299999999999996,0.06,0.0030000000000000005,6.0,0.06428263010830258,1.7802290375390983
1,0.05,2,100,100,100,0,0,0,0,1.0,1.0,0.0,0.0,0.0,0.0,54.41,4.0,0.19999999999999996,0.0,0.0,nan,0.06615053738730825,1.2302957503633303
1,0.05,3,100,100,100,0,0,0,0,1.0,1.0,0.0,0.0,0.0,0.0,53.93,4.0,0.19999999999999996,0.0,0.0,nan,0.06447027593081861,1.488702887543111
1,0.05,4,100,100,100,0,0,0,0,1.0,1.0,0.0,0.0,0.0,0.0,54.63,4.0,0.19999999999999996,0.0,0.0,nan,0.06376460472984288,1.5083290197438217
2,0.1,0,100,100,100,1,0,1,1,1.0,1.0,0.0,0.01,0.01,0.01,56.93,4.04,0.20199999999999996,0.04,0.002,4.0,0.06704939176612129,1.5253133352545596
2,0.1,1,100,100,100,4,0,4,4,1.0,1.0,0.0,0.04,0.04,0.04,57.44,4.31,0.21549999999999997,0.31,0.015500000000000003,7.75,0.06174919455059924,1.8055896866248355
2,0.1,2,100,100,100,0,0,0,0,1.0,1.0,0.0,0.0,0.0,0.0,54.55,4.0,0.19999999999999996,0.0,0.0,nan,0.06479992999532744,1.2854252403583875
2,0.1,3,100,100,100,0,0,0,0,1.0,1.0,0.0,0.0,0.0,0.0,54.04,4.0,0.19999999999999996,0.0,0.0,nan,0.06416565870648908,1.5432070367443345
2,0.1,4,100,100,100,0,0,0,0,1.0,1.0,0.0,0.0,0.0,0.0,54.83,4.0,0.19999999999999996,0.0,0.0,nan,0.06091743581098791,1.4781263470255024
3,0.15000000000000002,0,100,100,100,4,0,4,4,1.0,1.0,0.0,0.04,0.04,0.04,57.45,4.49,0.22449999999999995,0.49,0.0245,12.25,0.06062848558157038,1.632954996292977
3,0.15000000000000002,1,100,100,100,4,0,4,4,1.0,1.0,0.0,0.04,0.04,0.04,59.37,4.6,0.23,0.6,0.03,15.0,0.05635054316671631,1.6015823560070255
3,0.15000000000000002,2,100,100,100,2,0,2,2,1.0,1.0,0.0,0.02,0.02,0.02,55.0,4.13,0.20649999999999996,0.13,0.0065000000000000014,6.5,0.0580929489915058,1.5450446082769989
3,0.15000000000000002,3,100,100,100,6,0,6,6,1.0,1.0,0.0,0.06,0.06,0.06,54.81,4.45,0.2225,0.45,0.0225,7.5,0.06118535299703478,1.8800883352677658
3,0.15000000000000002,4,100,100,100,3,0,3,3,1.0,1.0,0.0,0.03,0.03,0.03,55.48,4.22,0.21099999999999997,0.22,0.011000000000000001,7.333333333333333,0.05448427027443179,1.5870023027921318
5,0.25,0,100,100,100,28,0,28,28,1.0,1.0,0.0,0.28,0.28,0.28,71.58,9.16,0.45800000000000013,5.16,0.258,18.428571428571427,0.06056907034258624,2.475502239788875
5,0.25,1,100,100,100,40,0,40,40,1.0,1.0,0.0,0.4,0.4,0.4,80.04,15.96,0.7980000000000002,11.96,0.5980000000000001,29.9,0.06175362398878223,2.7242066618113974
5,0.25,2,100,100,100,30,0,30,30,1.0,1.0,0.0,0.3,0.3,0.3,68.09,8.79,0.4395000000000001,4.79,0.2395,15.966666666666667,0.06450817110360277,2.46992645207913
5,0.25,3,100,100,100,41,0,41,41,1.0,1.0,0.0,0.41,0.41,0.41,70.99,11.99,0.5994999999999999,7.99,0.3995,19.48780487804878,0.0616579180984468,2.6434749672146585
5,0.25,4,100,100,100,49,0,49,49,1.0,1.0,0.0,0.49,0.49,0.49,73.02,12.62,0.6310000000000001,8.62,0.431,17.591836734693878,0.06436398258403322,2.8777698238097025
7,0.35000000000000003,0,100,99,28,91,71,20,20,0.99,0.28,0.71,0.9191919191919192,0.7142857142857143,0.7142857142857143,800.99,161.46428571428572,8.073214285714288,157.46428571428572,7.873214285714286,220.45,0.1356147534730549,7.863274683983292
7,0.35000000000000003,1,100,93,32,82,61,21,21,0.93,0.32,0.61,0.8817204301075269,0.65625,0.65625,772.11,153.84375,7.6921875,149.84375,7.492187500000001,228.33333333333334,0.12577313369285656,7.567591599583184
7,0.35000000000000003,2,100,98,21,88,77,11,11,0.98,0.21,0.77,0.8979591836734694,0.5238095238095238,0.5238095238095238,834.68,92.71428571428571,4.635714285714286,88.71428571428571,4.435714285714286,169.36363636363637,0.15071430188994656,8.093487471275731
7,0.35000000000000003,3,100,88,20,78,68,10,10,0.88,0.2,0.68,0.8863636363636364,0.5,0.5,834.41,77.25,3.8625000000000007,73.25,3.6625,146.5,0.1435142357108353,7.945789475506245
7,0.35000000000000003,4,100,85,22,77,63,14,14,0.85,0.22,0.63,0.9058823529411765,0.6363636363636364,0.6363636363636364,832.54,128.9090909090909,6.445454545454546,124.9090909090909,6.245454545454546,196.28571428571428,0.13763718600786962,7.955619096359936
