family,level,method,n_model_seeds,episodes_per_seed,current_speed_m_s,position_noise_sigma_m,yaw_noise_sigma_deg,action_delay_steps,mass_inertia_scale,damping_scale,actuator_effectiveness,strict_success_mean,strict_success_std_sample,instant_entry_mean,instant_entry_std_sample,instant_only_failure_mean,instant_only_failure_std_sample,pre_success_exit_mean,pre_success_exit_std_sample,timeout_mean,timeout_std_sample,out_of_bound_mean,out_of_bound_std_sample,steps_mean,steps_std_sample,final_dist_xyz_m_mean,final_dist_xyz_m_std_sample,final_yaw_error_deg_mean,final_yaw_error_deg_std_sample
current,0,Baseline SAC,5,20,0.0,0.0,0.0,0,1.0,1.0,1.0,1.0,0.0,1.0,0.0,0.0,0.0,0.0,0.0,0.0,0.0,0.0,0.0,56.58,2.4560130292814,0.06757285279061456,0.00543429960602318,1.900186448845935,0.24173786996112628
current,0,Precision SAC,5,20,0.0,0.0,0.0,0,1.0,1.0,1.0,1.0,0.0,1.0,0.0,0.0,0.0,0.0,0.0,0.0,0.0,0.0,0.0,54.230000000000004,1.7679790722743278,0.06414127242456709,0.0023932977920411106,1.520872454828877,0.23005214121036321
current,0,Hard-switch SAC,5,20,0.0,0.0,0.0,0,1.0,1.0,1.0,1.0,0.0,1.0,0.0,0.0,0.0,0.0,0.0,0.0,0.0,0.0,0.0,55.220000000000006,1.8606450494384998,0.06504321040617891,0.004328462044966333,1.4706759815063422,0.16373098183638463
current,0,Proposed smooth SAC,5,20,0.0,0.0,0.0,0,1.0,1.0,1.0,1.0,0.0,1.0,0.0,0.0,0.0,0.0,0.0,0.0,0.0,0.0,0.0,54.330000000000005,0.9087078738516585,0.06612162528661761,0.0026927165980724023,1.2928941287886204,0.29151927940439937
current,1,Baseline SAC,5,20,0.05,0.0,0.0,0,1.0,1.0,1.0,1.0,0.0,1.0,0.0,0.0,0.0,0.0,0.0,0.0,0.0,0.0,0.0,58.370000000000005,3.4339481650135624,0.0716303026346112,0.005613632718921611,1.815630001255365,0.3049018594786174
current,1,Precision SAC,5,20,0.05,0.0,0.0,0,1.0,1.0,1.0,1.0,0.0,1.0,0.0,0.0,0.0,0.0,0.0,0.0,0.0,0.0,0.0,55.15,1.7367354432958417,0.06814338203900064,0.002758706865977177,1.5106256451702436,0.23484778577579526
current,1,Hard-switch SAC,5,20,0.05,0.0,0.0,0,1.0,1.0,1.0,1.0,0.0,1.0,0.0,0.0,0.0,0.0,0.0,0.0,0.0,0.0,0.0,56.04,2.0467657413587887,0.06687941665859402,0.005669103347235415,1.4839964473447917,0.15704494121212637
current,1,Proposed smooth SAC,5,20,0.05,0.0,0.0,0,1.0,1.0,1.0,1.0,0.0,1.0,0.0,0.0,0.0,0.0,0.0,0.0,0.0,0.0,0.0,55.09000000000001,0.6868405928597971,0.06905665021202032,0.0034000923880522877,1.2698812243232507,0.3021879440378069
current,2,Baseline SAC,5,20,0.1,0.0,0.0,0,1.0,1.0,1.0,0.97,0.04472135954999579,0.97,0.04472135954999579,0.0,0.0,0.0,0.0,0.030000000000000006,0.0447213595499958,0.0,0.0,92.74000000000001,47.766128166306295,0.07847461798717108,0.006859160320522886,1.682379514569373,0.12881264777320728
current,2,Precision SAC,5,20,0.1,0.0,0.0,0,1.0,1.0,1.0,1.0,0.0,1.0,0.0,0.0,0.0,0.0,0.0,0.0,0.0,0.0,0.0,61.529999999999994,8.959673543159932,0.07363311044761453,0.008751045146966063,1.4424860756306834,0.3331664363984864
current,2,Hard-switch SAC,5,20,0.1,0.0,0.0,0,1.0,1.0,1.0,1.0,0.0,1.0,0.0,0.0,0.0,0.0,0.0,0.0,0.0,0.0,0.0,58.739999999999995,3.2751717512216065,0.07214892567263713,0.005254737743046273,1.4223460337988327,0.1822202651933528
current,2,Proposed smooth SAC,5,20,0.1,0.0,0.0,0,1.0,1.0,1.0,1.0,0.0,1.0,0.0,0.0,0.0,0.0,0.0,0.0,0.0,0.0,0.0,62.64000000000001,8.127684172013575,0.07558436533915917,0.0026321920421955446,1.3728716041693745,0.21029097217963158
current,3,Baseline SAC,5,20,0.15,0.0,0.0,0,1.0,1.0,1.0,0.7300000000000001,0.24899799195977462,0.76,0.21621748310439654,0.030000000000000006,0.0447213595499958,0.030000000000000006,0.0447213595499958,0.27,0.24899799195977462,0.0,0.0,328.7,238.66602187994837,0.10275526220388902,0.017213820921132866,1.5486486507572703,0.1586593221044436
current,3,Precision SAC,5,20,0.15,0.0,0.0,0,1.0,1.0,1.0,0.89,0.16733200530681513,0.89,0.16733200530681513,0.0,0.0,0.0,0.0,0.11000000000000001,0.16733200530681513,0.0,0.0,179.43,164.14042616004141,0.09133935554666196,0.011613198142560082,1.4384216776947811,0.3714609113567569
current,3,Hard-switch SAC,5,20,0.15,0.0,0.0,0,1.0,1.0,1.0,0.9800000000000001,0.02738612787525833,0.9800000000000001,0.02738612787525833,0.0,0.0,0.01,0.022360679774997897,0.02,0.027386127875258306,0.0,0.0,88.28,32.36279885918398,0.08515417907724405,0.0024922865819496263,1.3185199798041125,0.2420836463784563
current,3,Proposed smooth SAC,5,20,0.15,0.0,0.0,0,1.0,1.0,1.0,0.9099999999999999,0.08215838362577493,0.9199999999999999,0.07582875444051551,0.01,0.022360679774997897,0.01,0.022360679774997897,0.09,0.0821583836257749,0.0,0.0,160.28,80.47144369277837,0.09125991850256361,0.005737527778170456,1.418568195212462,0.18343478266388197
current,4,Baseline SAC,5,20,0.2,0.0,0.0,0,1.0,1.0,1.0,0.51,0.27703790354390134,0.53,0.2683281572999748,0.02,0.02738612787525831,0.02,0.02738612787525831,0.49000000000000005,0.27703790354390134,0.0,0.0,539.7,247.07904858567028,0.12247163019008345,0.018539535481986016,1.704281341335258,0.25760691700291044
current,4,Precision SAC,5,20,0.2,0.0,0.0,0,1.0,1.0,1.0,0.64,0.24596747752497686,0.65,0.22638462845343543,0.01,0.022360679774997897,0.01,0.022360679774997897,0.36,0.24596747752497686,0.0,0.0,442.23999999999995,204.41041558589913,0.10835355773463726,0.014500645726933471,1.621294403881231,0.3791431465255269
current,4,Hard-switch SAC,5,20,0.2,0.0,0.0,0,1.0,1.0,1.0,0.8099999999999999,0.0547722557505166,0.8099999999999999,0.0547722557505166,0.0,0.0,0.01,0.022360679774997897,0.19,0.05477225575051661,0.0,0.0,284.36,46.031394178321385,0.0964711788444846,0.00471411600747588,1.4238304496500749,0.20512830888812703
current,4,Proposed smooth SAC,5,20,0.2,0.0,0.0,0,1.0,1.0,1.0,0.56,0.10246950765959598,0.56,0.10246950765959598,0.0,0.0,0.0,0.0,0.44000000000000006,0.10246950765959599,0.0,0.0,493.89,88.0232739109379,0.10830354732599892,0.007390908943058874,1.5813888669913023,0.4448513758705283
current,5,Baseline SAC,5,20,0.3,0.0,0.0,0,1.0,1.0,1.0,0.14,0.07416198487095663,0.19,0.0651920240520265,0.05,0.03535533905932738,0.05,0.03535533905932738,0.86,0.07416198487095663,0.0,0.0,873.0799999999999,59.71369817721891,0.1626695566543178,0.020252343691747138,2.3744607067345287,0.41294779873294696
current,5,Precision SAC,5,20,0.3,0.0,0.0,0,1.0,1.0,1.0,0.12,0.07582875444051551,0.15999999999999998,0.08944271909999159,0.04,0.041833001326703784,0.05,0.05,0.8800000000000001,0.07582875444051546,0.0,0.0,892.46,63.179797008220916,0.1550701256512353,0.01359156980913586,2.1218834220151033,0.5346777836543855
current,5,Hard-switch SAC,5,20,0.3,0.0,0.0,0,1.0,1.0,1.0,0.2,0.09999999999999999,0.2,0.09999999999999999,0.0,0.0,0.01,0.022360679774997897,0.8,0.09999999999999999,0.0,0.0,815.91,86.57672464352066,0.14079677941690733,0.011397419983607155,1.9102031952383876,0.6129436847055821
current,5,Proposed smooth SAC,5,20,0.3,0.0,0.0,0,1.0,1.0,1.0,0.15,0.07071067811865475,0.17,0.07582875444051551,0.02,0.02738612787525831,0.02,0.02738612787525831,0.85,0.07071067811865474,0.0,0.0,857.54,67.17751111793291,0.1491127043567221,0.005046144556691966,1.7682603317545678,0.5006783880957428
noise,0,Baseline SAC,5,20,0.0,0.0,0.0,0,1.0,1.0,1.0,1.0,0.0,1.0,0.0,0.0,0.0,0.0,0.0,0.0,0.0,0.0,0.0,56.58,2.4560130292814,0.06757285279061456,0.00543429960602318,1.900186448845935,0.24173786996112628
noise,0,Precision SAC,5,20,0.0,0.0,0.0,0,1.0,1.0,1.0,1.0,0.0,1.0,0.0,0.0,0.0,0.0,0.0,0.0,0.0,0.0,0.0,54.230000000000004,1.7679790722743278,0.06414127242456709,0.0023932977920411106,1.520872454828877,0.23005214121036321
noise,0,Hard-switch SAC,5,20,0.0,0.0,0.0,0,1.0,1.0,1.0,1.0,0.0,1.0,0.0,0.0,0.0,0.0,0.0,0.0,0.0,0.0,0.0,55.220000000000006,1.8606450494384998,0.06504321040617891,0.004328462044966333,1.4706759815063422,0.16373098183638463
noise,0,Proposed smooth SAC,5,20,0.0,0.0,0.0,0,1.0,1.0,1.0,1.0,0.0,1.0,0.0,0.0,0.0,0.0,0.0,0.0,0.0,0.0,0.0,54.330000000000005,0.9087078738516585,0.06612162528661761,0.0026927165980724023,1.2928941287886204,0.29151927940439937
noise,1,Baseline SAC,5,20,0.0,0.02,2.0,0,1.0,1.0,1.0,1.0,0.0,1.0,0.0,0.0,0.0,0.0,0.0,0.0,0.0,0.0,0.0,56.96999999999999,2.6529700337546207,0.06757264654030855,0.005816663731935382,2.0344757412706302,0.2972306452134738
noise,1,Precision SAC,5,20,0.0,0.02,2.0,0,1.0,1.0,1.0,1.0,0.0,1.0,0.0,0.0,0.0,0.02,0.02738612787525831,0.0,0.0,0.0,0.0,54.629999999999995,1.583745560372626,0.06344310317050161,0.0027669812942136586,1.7590010882757532,0.3167421621100388
noise,1,Hard-switch SAC,5,20,0.0,0.02,2.0,0,1.0,1.0,1.0,1.0,0.0,1.0,0.0,0.0,0.0,0.01,0.022360679774997897,0.0,0.0,0.0,0.0,55.85,1.9659603251337492,0.06452087373469184,0.0051406682665900445,1.7329500602939523,0.16719355430898653
noise,1,Proposed smooth SAC,5,20,0.0,0.02,2.0,0,1.0,1.0,1.0,1.0,0.0,1.0,0.0,0.0,0.0,0.0,0.0,0.0,0.0,0.0,0.0,54.56,0.814248119432893,0.06632319934567976,0.0017888010208717145,1.5883607595372058,0.29302373633477796
noise,2,Baseline SAC,5,20,0.0,0.05,5.0,0,1.0,1.0,1.0,1.0,0.0,1.0,0.0,0.0,0.0,0.06000000000000001,0.06519202405202648,0.0,0.0,0.0,0.0,58.84000000000001,3.6536625459940866,0.057702821957864414,0.0035424458076125805,2.3866129460386594,0.3705161691093508
noise,2,Precision SAC,5,20,0.0,0.05,5.0,0,1.0,1.0,1.0,1.0,0.0,1.0,0.0,0.0,0.0,0.02,0.02738612787525831,0.0,0.0,0.0,0.0,55.010000000000005,2.353561131562128,0.055853522306117086,0.0037111683727740563,2.1052740014181004,0.20001547900386846
noise,2,Hard-switch SAC,5,20,0.0,0.05,5.0,0,1.0,1.0,1.0,1.0,0.0,1.0,0.0,0.0,0.0,0.02,0.027386127875258306,0.0,0.0,0.0,0.0,57.09000000000001,2.8778029814426143,0.0561699148072959,0.004973289727374887,2.043814922448279,0.2593023234592547
noise,2,Proposed smooth SAC,5,20,0.0,0.05,5.0,0,1.0,1.0,1.0,1.0,0.0,1.0,0.0,0.0,0.0,0.030000000000000006,0.0447213595499958,0.0,0.0,0.0,0.0,54.92999999999999,1.3419202658876555,0.05665970538972932,0.003279920859801231,1.9939810200524328,0.37473139231478386
noise,3,Baseline SAC,5,20,0.0,0.1,10.0,0,1.0,1.0,1.0,0.95,0.0,0.95,0.0,0.0,0.0,0.18,0.07582875444051551,0.05,0.0,0.0,0.0,197.42,24.849310855635405,0.07414943105083838,0.0013916769397608931,3.039427778553946,0.35232371854861166
noise,3,Precision SAC,5,20,0.0,0.1,10.0,0,1.0,1.0,1.0,0.9,0.03535533905932737,0.93,0.02738612787525827,0.030000000000000006,0.027386127875258306,0.25,0.04999999999999999,0.1,0.035355339059327376,0.0,0.0,232.26999999999998,22.55181810852508,0.07856146690233376,0.0016094964256311867,3.26161009424334,0.4704703986535223
noise,3,Hard-switch SAC,5,20,0.0,0.1,10.0,0,1.0,1.0,1.0,0.9099999999999999,0.0651920240520265,0.95,0.03535533905932737,0.04,0.041833001326703784,0.27,0.04472135954999579,0.09,0.06519202405202648,0.0,0.0,227.69,41.41970243736668,0.07794436950417767,0.0029855406472767136,3.3839902844559253,0.6636283929074158
noise,3,Proposed smooth SAC,5,20,0.0,0.1,10.0,0,1.0,1.0,1.0,0.9299999999999999,0.02738612787525827,0.9299999999999999,0.02738612787525827,0.0,0.0,0.27999999999999997,0.07582875444051551,0.07,0.027386127875258306,0.0,0.0,218.68999999999997,33.842159357818765,0.0736750782246661,0.006232634976088405,3.1845283797138952,0.23570674840866532
noise,4,Baseline SAC,5,20,0.0,0.15,15.0,0,1.0,1.0,1.0,0.89,0.022360679774997918,0.9099999999999999,0.04183300132670376,0.02,0.027386127875258306,0.25,0.07905694150420947,0.10999999999999999,0.022360679774997894,0.0,0.0,327.63,26.94277732528701,0.08533635108951809,0.0046989350266039035,2.951103411617612,0.3879089819279148
noise,4,Precision SAC,5,20,0.0,0.15,15.0,0,1.0,1.0,1.0,0.85,0.03535533905932737,0.9099999999999999,0.02236067977499787,0.06000000000000001,0.041833001326703784,0.2,0.03535533905932738,0.15,0.03535533905932738,0.0,0.0,321.43999999999994,32.43029833350287,0.08684173962896427,0.0066773434525806506,3.1603538771709516,0.3127747357201224
noise,4,Hard-switch SAC,5,20,0.0,0.15,15.0,0,1.0,1.0,1.0,0.8699999999999999,0.04472135954999579,0.9100000000000001,0.02236067977499787,0.04,0.041833001326703784,0.32,0.07582875444051553,0.12999999999999998,0.044721359549995794,0.0,0.0,342.05,35.858611239143094,0.08703641399501508,0.0030098124657505646,3.172208083741766,0.586176876059582
noise,4,Proposed smooth SAC,5,20,0.0,0.15,15.0,0,1.0,1.0,1.0,0.8400000000000001,0.0651920240520265,0.9,0.03535533905932737,0.06000000000000001,0.0894427190999916,0.19,0.14747881203752627,0.16,0.06519202405202648,0.0,0.0,341.07,55.141211901807175,0.09114795545534955,0.008051316335619186,3.0437066806265802,0.35446401308716224
noise,5,Baseline SAC,5,20,0.0,0.2,20.0,0,1.0,1.0,1.0,0.47000000000000003,0.05700877125495691,0.51,0.05477225575051663,0.04,0.041833001326703784,0.14,0.07416198487095663,0.53,0.057008771254956896,0.0,0.0,665.4300000000001,24.918582423564946,0.15145929782231743,0.0072366298949976225,7.20923203465145,0.46715644889431845
noise,5,Precision SAC,5,20,0.0,0.2,20.0,0,1.0,1.0,1.0,0.5000000000000001,0.11726039399558573,0.5599999999999999,0.10839741694339398,0.06,0.022360679774997897,0.2,0.06123724356957945,0.5,0.11726039399558573,0.0,0.0,645.77,70.26658700975875,0.1508729958114572,0.01416208516064954,7.972633596506412,1.3037869700237124
noise,5,Hard-switch SAC,5,20,0.0,0.2,20.0,0,1.0,1.0,1.0,0.52,0.04472135954999579,0.5700000000000001,0.04472135954999577,0.05,0.05,0.15,0.07905694150420949,0.48,0.04472135954999579,0.0,0.0,615.7500000000001,15.296854251773436,0.14663038886894367,0.012614114058373848,6.404555564870205,1.2639574573673606
noise,5,Proposed smooth SAC,5,20,0.0,0.2,20.0,0,1.0,1.0,1.0,0.53,0.0758287544405155,0.5800000000000001,0.08366600265340755,0.05,0.05,0.15,0.11726039399558573,0.4700000000000001,0.07582875444051551,0.0,0.0,608.72,41.3904819976767,0.14443326453961713,0.008949984703911142,7.194469156390667,0.9599602286978975
delay,0,Baseline SAC,5,20,0.0,0.0,0.0,0,1.0,1.0,1.0,1.0,0.0,1.0,0.0,0.0,0.0,0.0,0.0,0.0,0.0,0.0,0.0,56.58,2.4560130292814,0.06757285279061456,0.00543429960602318,1.900186448845935,0.24173786996112628
delay,0,Precision SAC,5,20,0.0,0.0,0.0,0,1.0,1.0,1.0,1.0,0.0,1.0,0.0,0.0,0.0,0.0,0.0,0.0,0.0,0.0,0.0,54.230000000000004,1.7679790722743278,0.06414127242456709,0.0023932977920411106,1.520872454828877,0.23005214121036321
delay,0,Hard-switch SAC,5,20,0.0,0.0,0.0,0,1.0,1.0,1.0,1.0,0.0,1.0,0.0,0.0,0.0,0.0,0.0,0.0,0.0,0.0,0.0,55.220000000000006,1.8606450494384998,0.06504321040617891,0.004328462044966333,1.4706759815063422,0.16373098183638463
delay,0,Proposed smooth SAC,5,20,0.0,0.0,0.0,0,1.0,1.0,1.0,1.0,0.0,1.0,0.0,0.0,0.0,0.0,0.0,0.0,0.0,0.0,0.0,54.330000000000005,0.9087078738516585,0.06612162528661761,0.0026927165980724023,1.2928941287886204,0.29151927940439937
delay,1,Baseline SAC,5,20,0.0,0.0,0.0,2,1.0,1.0,1.0,1.0,0.0,1.0,0.0,0.0,0.0,0.03,0.0670820393249937,0.0,0.0,0.0,0.0,57.95,2.535251466817445,0.06302630140803693,0.008384506076803421,1.875779266587441,0.14865180744061166
delay,1,Precision SAC,5,20,0.0,0.0,0.0,2,1.0,1.0,1.0,1.0,0.0,1.0,0.0,0.0,0.0,0.01,0.022360679774997897,0.0,0.0,0.0,0.0,55.4,1.8674849396983089,0.06027869952972494,0.0024545747250078174,1.6037932923267988,0.2760202353325566
delay,1,Hard-switch SAC,5,20,0.0,0.0,0.0,2,1.0,1.0,1.0,1.0,0.0,1.0,0.0,0.0,0.0,0.01,0.022360679774997897,0.0,0.0,0.0,0.0,56.13000000000001,1.9370080020485212,0.0634591108165808,0.005709579114465218,1.5658081268882387,0.16521514767383372
delay,1,Proposed smooth SAC,5,20,0.0,0.0,0.0,2,1.0,1.0,1.0,1.0,0.0,1.0,0.0,0.0,0.0,0.0,0.0,0.0,0.0,0.0,0.0,55.17999999999999,0.8976357836004543,0.06357481982840182,0.0030259981981248466,1.4734920582041613,0.39474217925548616
delay,2,Baseline SAC,5,20,0.0,0.0,0.0,4,1.0,1.0,1.0,1.0,0.0,1.0,0.0,0.0,0.0,0.13999999999999999,0.10246950765959598,0.0,0.0,0.0,0.0,62.96,2.9756091813274153,0.05257499370752531,0.006220658309229515,2.0277750624590904,0.2787998799154746
delay,2,Precision SAC,5,20,0.0,0.0,0.0,4,1.0,1.0,1.0,1.0,0.0,1.0,0.0,0.0,0.0,0.19,0.07416198487095663,0.0,0.0,0.0,0.0,62.489999999999995,2.0625833316499,0.05344211647216213,0.004782276614102344,2.0420762319048213,0.3320441180906105
delay,2,Hard-switch SAC,5,20,0.0,0.0,0.0,4,1.0,1.0,1.0,1.0,0.0,1.0,0.0,0.0,0.0,0.14,0.04183300132670378,0.0,0.0,0.0,0.0,60.96999999999999,1.3098664054017113,0.052264804627843234,0.003963655607931656,1.727036321344104,0.37490357190027374
delay,2,Proposed smooth SAC,5,20,0.0,0.0,0.0,4,1.0,1.0,1.0,1.0,0.0,1.0,0.0,0.0,0.0,0.14,0.09617692030835673,0.0,0.0,0.0,0.0,59.54999999999999,3.0612497447937823,0.05990413527259405,0.0046975029449031706,1.7812593910521062,0.15003112951829414
delay,3,Baseline SAC,5,20,0.0,0.0,0.0,5,1.0,1.0,1.0,1.0,0.0,1.0,0.0,0.0,0.0,0.4,0.05000000000000002,0.0,0.0,0.0,0.0,74.42,4.553789630626343,0.0606218267552152,0.0032345426816927595,2.330373876461266,0.31867491183370034
delay,3,Precision SAC,5,20,0.0,0.0,0.0,5,1.0,1.0,1.0,1.0,0.0,1.0,0.0,0.0,0.0,0.41,0.1341640786499874,0.0,0.0,0.0,0.0,74.75,5.335962893424205,0.06272842620693164,0.0038506901380826928,2.5381600693683963,0.3203008743998714
delay,3,Hard-switch SAC,5,20,0.0,0.0,0.0,5,1.0,1.0,1.0,1.0,0.0,1.0,0.0,0.0,0.0,0.34,0.15572411502397437,0.0,0.0,0.0,0.0,74.33,1.7152259326397765,0.06263012918981907,0.005111145053886651,2.3786045059478274,0.29716208295162216
delay,3,Proposed smooth SAC,5,20,0.0,0.0,0.0,5,1.0,1.0,1.0,1.0,0.0,1.0,0.0,0.0,0.0,0.35,0.03535533905932738,0.0,0.0,0.0,0.0,69.05000000000001,3.980263810352276,0.06290737147481999,0.004115704245636439,2.271374560720956,0.1893897875982074
delay,4,Baseline SAC,5,20,0.0,0.0,0.0,6,1.0,1.0,1.0,0.9399999999999998,0.04183300132670376,1.0,0.0,0.06,0.041833001326703784,0.6900000000000001,0.08944271909999157,0.06,0.041833001326703784,0.0,0.0,171.94,45.11603650588114,0.07265884935899578,0.004840602224140952,3.1197892863984036,0.2031805909620696
delay,4,Precision SAC,5,20,0.0,0.0,0.0,6,1.0,1.0,1.0,0.95,0.06123724356957946,1.0,0.0,0.05,0.06123724356957945,0.75,0.17677669529663687,0.05,0.06123724356957945,0.0,0.0,201.57999999999998,58.26424289390534,0.07452634348951845,0.004746541645123306,3.2573992664783686,0.3533283485531869
delay,4,Hard-switch SAC,5,20,0.0,0.0,0.0,6,1.0,1.0,1.0,0.89,0.0821583836257749,0.9700000000000001,0.027386127875258334,0.08,0.0570087712549569,0.6900000000000001,0.022360679774997866,0.11000000000000001,0.08215838362577492,0.0,0.0,252.1,65.35908506091559,0.0730327031886369,0.004441176725595332,3.870394556986823,0.5133036931362213
delay,4,Proposed smooth SAC,5,20,0.0,0.0,0.0,6,1.0,1.0,1.0,0.9700000000000001,0.04472135954999579,1.0,0.0,0.030000000000000006,0.0447213595499958,0.7300000000000001,0.12549900398011132,0.030000000000000006,0.0447213595499958,0.0,0.0,152.83999999999997,35.71360735070038,0.07390676590853905,0.006512507905781873,3.247142418603187,0.4473313629543103
delay,5,Baseline SAC,5,20,0.0,0.0,0.0,7,1.0,1.0,1.0,0.36,0.26315394733881536,0.9399999999999998,0.0651920240520265,0.58,0.22527760652137618,0.8799999999999999,0.06708203932499365,0.64,0.2631539473388153,0.0,0.0,758.03,161.78706916808895,0.12285068503395627,0.016393142456746012,7.191170059428605,1.634877961239095
delay,5,Precision SAC,5,20,0.0,0.0,0.0,7,1.0,1.0,1.0,0.27999999999999997,0.20796634343085424,0.8699999999999999,0.15652475842498528,0.5900000000000001,0.1431782106327635,0.79,0.1341640786499874,0.72,0.2079663434308542,0.0,0.0,816.16,152.4709783860522,0.13800947431515428,0.028146738383715446,7.657496056712468,1.6819592056139123
delay,5,Hard-switch SAC,5,20,0.0,0.0,0.0,7,1.0,1.0,1.0,0.26,0.108397416943394,0.8400000000000001,0.11937336386313324,0.58,0.130384048104053,0.75,0.09354143466934854,0.74,0.10839741694339401,0.0,0.0,798.05,77.49149146841863,0.14017509267492506,0.012191209441329415,7.472214264784164,1.1219162308623067
delay,5,Proposed smooth SAC,5,20,0.0,0.0,0.0,7,1.0,1.0,1.0,0.23000000000000004,0.10368220676663861,0.9800000000000001,0.04472135954999579,0.75,0.06123724356957946,0.9099999999999999,0.05477225575051661,0.7700000000000001,0.10368220676663858,0.0,0.0,818.14,85.09531714495225,0.13443879007180487,0.00857157370917261,7.844069024066313,1.01646036980263
combined,0,Baseline SAC,5,20,0.0,0.0,0.0,0,1.0,1.0,1.0,1.0,0.0,1.0,0.0,0.0,0.0,0.0,0.0,0.0,0.0,0.0,0.0,56.58,2.4560130292814,0.06757285279061456,0.00543429960602318,1.900186448845935,0.24173786996112628
combined,0,Precision SAC,5,20,0.0,0.0,0.0,0,1.0,1.0,1.0,1.0,0.0,1.0,0.0,0.0,0.0,0.0,0.0,0.0,0.0,0.0,0.0,54.230000000000004,1.7679790722743278,0.06414127242456709,0.0023932977920411106,1.520872454828877,0.23005214121036321
combined,0,Hard-switch SAC,5,20,0.0,0.0,0.0,0,1.0,1.0,1.0,1.0,0.0,1.0,0.0,0.0,0.0,0.0,0.0,0.0,0.0,0.0,0.0,55.220000000000006,1.8606450494384998,0.06504321040617891,0.004328462044966333,1.4706759815063422,0.16373098183638463
combined,0,Proposed smooth SAC,5,20,0.0,0.0,0.0,0,1.0,1.0,1.0,1.0,0.0,1.0,0.0,0.0,0.0,0.0,0.0,0.0,0.0,0.0,0.0,54.330000000000005,0.9087078738516585,0.06612162528661761,0.0026927165980724023,1.2928941287886204,0.29151927940439937
combined,1,Baseline SAC,5,20,0.05,0.02,2.0,1,1.1,1.1,0.95,1.0,0.0,1.0,0.0,0.0,0.0,0.0,0.0,0.0,0.0,0.0,0.0,59.74000000000001,2.605139151753703,0.06371346121361976,0.008315141809053293,2.0209315502513796,0.12811713520745147
combined,1,Precision SAC,5,20,0.05,0.02,2.0,1,1.1,1.1,0.95,1.0,0.0,1.0,0.0,0.0,0.0,0.0,0.0,0.0,0.0,0.0,0.0,56.79,2.0577293310831726,0.05817814919331128,0.002222832179363129,1.7740106769578712,0.4434924320426516
combined,1,Hard-switch SAC,5,20,0.05,0.02,2.0,1,1.1,1.1,0.95,1.0,0.0,1.0,0.0,0.0,0.0,0.01,0.022360679774997897,0.0,0.0,0.0,0.0,57.989999999999995,2.4265201420964955,0.06008986522906469,0.005278760946752777,1.7317072934089324,0.18717774623077646
combined,1,Proposed smooth SAC,5,20,0.05,0.02,2.0,1,1.1,1.1,0.95,1.0,0.0,1.0,0.0,0.0,0.0,0.01,0.022360679774997897,0.0,0.0,0.0,0.0,56.660000000000004,0.9522342148862329,0.0604192088038662,0.002656396731747079,1.7774142920486504,0.34581143151369115
combined,2,Baseline SAC,5,20,0.1,0.05,5.0,2,1.25,1.25,0.9,0.93,0.07582875444051551,0.93,0.07582875444051551,0.0,0.0,0.1,0.07905694150420949,0.06999999999999999,0.07582875444051551,0.0,0.0,187.95,52.241805577525746,0.08085315065449483,0.009003326200620259,2.5690917897815195,0.09065280033439321
combined,2,Precision SAC,5,20,0.1,0.05,5.0,2,1.25,1.25,0.9,0.95,0.04999999999999999,0.97,0.02738612787525833,0.02,0.02738612787525831,0.16999999999999998,0.07582875444051551,0.05,0.05,0.0,0.0,154.42000000000002,23.184547655712418,0.07760380301020388,0.002864483218913295,2.228456343631418,0.2254900088291758
combined,2,Hard-switch SAC,5,20,0.1,0.05,5.0,2,1.25,1.25,0.9,0.9800000000000001,0.04472135954999579,0.99,0.022360679774997918,0.01,0.022360679774997897,0.18,0.044721359549995794,0.02,0.044721359549995794,0.0,0.0,140.88000000000002,48.3311571349166,0.0727598293445526,0.0026664652143662012,2.36130369351361,0.38633750261493954
combined,2,Proposed smooth SAC,5,20,0.1,0.05,5.0,2,1.25,1.25,0.9,0.9800000000000001,0.02738612787525833,0.99,0.022360679774997918,0.01,0.022360679774997897,0.22000000000000003,0.130384048104053,0.02,0.02738612787525831,0.0,0.0,137.01,24.616417286030885,0.0756920122270062,0.0036434599985557333,2.2004606186529423,0.35018214456645713
combined,3,Baseline SAC,5,20,0.15,0.08,8.0,3,1.5,1.5,0.8,0.63,0.06708203932499367,0.67,0.057008771254956896,0.04,0.041833001326703784,0.19,0.022360679774997904,0.37,0.06708203932499371,0.0,0.0,511.18,47.031539949272336,0.11806979151339403,0.008655858125066316,2.936283569112245,0.15185347607402452
combined,3,Precision SAC,5,20,0.15,0.08,8.0,3,1.5,1.5,0.8,0.75,0.07071067811865478,0.79,0.04183300132670377,0.04,0.041833001326703784,0.21000000000000002,0.08944271909999157,0.25,0.07071067811865475,0.0,0.0,385.8,64.12241222848687,0.0998568653857573,0.005689250528109346,2.798395773780844,0.37166242583431625
combined,3,Hard-switch SAC,5,20,0.15,0.08,8.0,3,1.5,1.5,0.8,0.77,0.05700877125495691,0.82,0.04472135954999577,0.05,0.03535533905932738,0.19999999999999998,0.07905694150420949,0.22999999999999998,0.057008771254956896,0.0,0.0,377.19000000000005,65.20341632153948,0.09910380489594088,0.007066270066266034,3.342478383723055,0.1807721217800068
combined,3,Proposed smooth SAC,5,20,0.15,0.08,8.0,3,1.5,1.5,0.8,0.72,0.057008771254956916,0.78,0.0836660026534076,0.06,0.041833001326703784,0.21999999999999997,0.0758287544405155,0.27999999999999997,0.05700877125495689,0.0,0.0,417.85,22.129815860056315,0.10672149528242743,0.00427448167346206,3.1213357336533276,0.41874007409306363
combined,4,Baseline SAC,5,20,0.2,0.12,12.0,5,2.0,2.0,0.7,0.33,0.0570087712549569,0.37000000000000005,0.05700877125495691,0.04,0.041833001326703784,0.08,0.0670820393249937,0.6699999999999999,0.057008771254956896,0.0,0.0,776.4399999999999,50.18705510388111,0.19367937324277454,0.012464972184320142,5.515772760833357,0.48412682971976667
combined,4,Precision SAC,5,20,0.2,0.12,12.0,5,2.0,2.0,0.7,0.35,0.07905694150420949,0.42000000000000004,0.0447213595499958,0.06999999999999999,0.057008771254956896,0.10999999999999999,0.08215838362577492,0.65,0.07905694150420947,0.0,0.0,737.7300000000001,62.99891467319102,0.1790878482532116,0.016717049814818384,5.641114820007564,0.945012965104562
combined,4,Hard-switch SAC,5,20,0.2,0.12,12.0,5,2.0,2.0,0.7,0.4,0.07905694150420949,0.41999999999999993,0.06708203932499371,0.02,0.027386127875258306,0.04,0.041833001326703784,0.6,0.07905694150420946,0.0,0.0,715.6299999999999,68.14178783976834,0.17074252035988027,0.007092969655745888,5.7185067425358795,0.8090257571466096
combined,4,Proposed smooth SAC,5,20,0.2,0.12,12.0,5,2.0,2.0,0.7,0.38999999999999996,0.04183300132670379,0.44000000000000006,0.04183300132670377,0.05,0.03535533905932738,0.09,0.0651920240520265,0.6100000000000001,0.04183300132670377,0.0,0.0,727.02,63.31522921067251,0.18124418283730573,0.00896746052350976,5.331259901496603,0.341831843111264
combined,5,Baseline SAC,5,20,0.3,0.2,20.0,7,2.5,2.5,0.6,0.08,0.044721359549995794,0.08,0.044721359549995794,0.0,0.0,0.0,0.0,0.9199999999999999,0.04472135954999577,0.0,0.0,970.4200000000001,26.240869840765562,0.43046187163739624,0.021152639952658057,8.383625582658018,1.0496014940359892
combined,5,Precision SAC,5,20,0.3,0.2,20.0,7,2.5,2.5,0.6,0.030000000000000006,0.027386127875258306,0.05,0.05,0.02,0.027386127875258306,0.02,0.027386127875258306,0.97,0.02738612787525833,0.0,0.0,989.28,13.324301107375192,0.4307765570145706,0.02307343670708486,9.100280477260384,0.6384903641616597
combined,5,Hard-switch SAC,5,20,0.3,0.2,20.0,7,2.5,2.5,0.6,0.09999999999999999,0.035355339059327376,0.11000000000000001,0.04183300132670377,0.01,0.022360679774997897,0.02,0.027386127875258306,0.9,0.03535533905932737,0.0,0.0,948.55,26.87203472013235,0.4092602573802348,0.018004891046896513,8.677094991675746,0.6672327758371523
combined,5,Proposed smooth SAC,5,20,0.3,0.2,20.0,7,2.5,2.5,0.6,0.14,0.04183300132670378,0.14,0.04183300132670378,0.0,0.0,0.0,0.0,0.86,0.04183300132670378,0.0,0.0,929.0200000000001,24.602733587957264,0.3934055099790558,0.016211345284462428,8.607865091444534,0.4742904869645792
