family,level,method,model_seed,eval_episodes,current_speed_m_s,position_noise_sigma_m,yaw_noise_sigma_deg,action_delay_steps,mass_inertia_scale,damping_scale,actuator_effectiveness,strict_success,instant_entry,instant_only_failure,pre_success_exit,timeout,out_of_bound,steps,final_dist_xyz_m,final_yaw_error_deg
current,0,Baseline SAC,0,20,0.0,0.0,0.0,0,1.0,1.0,1.0,1.0,1.0,0.0,0.0,0.0,0.0,60.0,0.0704034424528026,1.8512583449706494
current,0,Baseline SAC,1,20,0.0,0.0,0.0,0,1.0,1.0,1.0,1.0,1.0,0.0,0.0,0.0,0.0,53.6,0.060700782184035164,1.5776456328930184
current,0,Baseline SAC,2,20,0.0,0.0,0.0,0,1.0,1.0,1.0,1.0,1.0,0.0,0.0,0.0,0.0,57.6,0.07120502827081335,2.249694681785914
current,0,Baseline SAC,3,20,0.0,0.0,0.0,0,1.0,1.0,1.0,1.0,1.0,0.0,0.0,0.0,0.0,55.0,0.06279692361021655,1.8615426398447006
current,0,Baseline SAC,4,20,0.0,0.0,0.0,0,1.0,1.0,1.0,1.0,1.0,0.0,0.0,0.0,0.0,56.7,0.0727580874352051,1.9607909447353926
current,0,Precision SAC,0,20,0.0,0.0,0.0,0,1.0,1.0,1.0,1.0,1.0,0.0,0.0,0.0,0.0,52.25,0.06459476143273188,1.5534968804300502
current,0,Precision SAC,1,20,0.0,0.0,0.0,0,1.0,1.0,1.0,1.0,1.0,0.0,0.0,0.0,0.0,56.55,0.06696387950073653,1.8663155700336094
current,0,Precision SAC,2,20,0.0,0.0,0.0,0,1.0,1.0,1.0,1.0,1.0,0.0,0.0,0.0,0.0,55.55,0.06109888356272915,1.4847413683696276
current,0,Precision SAC,3,20,0.0,0.0,0.0,0,1.0,1.0,1.0,1.0,1.0,0.0,0.0,0.0,0.0,53.2,0.06237285973489816,1.224335666902015
current,0,Precision SAC,4,20,0.0,0.0,0.0,0,1.0,1.0,1.0,1.0,1.0,0.0,0.0,0.0,0.0,53.6,0.06567597789173976,1.4754727884090835
current,0,Hard-switch SAC,0,20,0.0,0.0,0.0,0,1.0,1.0,1.0,1.0,1.0,0.0,0.0,0.0,0.0,56.0,0.06564559913438803,1.5562640998892745
current,0,Hard-switch SAC,1,20,0.0,0.0,0.0,0,1.0,1.0,1.0,1.0,1.0,0.0,0.0,0.0,0.0,55.2,0.06424507672730687,1.4805757421329084
current,0,Hard-switch SAC,2,20,0.0,0.0,0.0,0,1.0,1.0,1.0,1.0,1.0,0.0,0.0,0.0,0.0,52.1,0.0581893210056784,1.197499848650455
current,0,Hard-switch SAC,3,20,0.0,0.0,0.0,0,1.0,1.0,1.0,1.0,1.0,0.0,0.0,0.0,0.0,57.0,0.06959709827728838,1.4909772421193024
current,0,Hard-switch SAC,4,20,0.0,0.0,0.0,0,1.0,1.0,1.0,1.0,1.0,0.0,0.0,0.0,0.0,55.8,0.06753895688623293,1.6280629747397704
current,0,Proposed smooth SAC,0,20,0.0,0.0,0.0,0,1.0,1.0,1.0,1.0,1.0,0.0,0.0,0.0,0.0,55.95,0.06823981734203724,0.8179161451623209
current,0,Proposed smooth SAC,1,20,0.0,0.0,0.0,0,1.0,1.0,1.0,1.0,1.0,0.0,0.0,0.0,0.0,54.0,0.06664259044905393,1.448573759891705
current,0,Proposed smooth SAC,2,20,0.0,0.0,0.0,0,1.0,1.0,1.0,1.0,1.0,0.0,0.0,0.0,0.0,53.85,0.06726710536682659,1.2078581273465236
current,0,Proposed smooth SAC,3,20,0.0,0.0,0.0,0,1.0,1.0,1.0,1.0,1.0,0.0,0.0,0.0,0.0,54.0,0.06142120371275176,1.518720047794154
current,0,Proposed smooth SAC,4,20,0.0,0.0,0.0,0,1.0,1.0,1.0,1.0,1.0,0.0,0.0,0.0,0.0,53.85,0.06703740956241853,1.471402563748398
current,1,Baseline SAC,0,20,0.05,0.0,0.0,0,1.0,1.0,1.0,1.0,1.0,0.0,0.0,0.0,0.0,62.7,0.07443892059348055,1.880806399992121
current,1,Baseline SAC,1,20,0.05,0.0,0.0,0,1.0,1.0,1.0,1.0,1.0,0.0,0.0,0.0,0.0,54.3,0.06757867111068978,1.4488783299662866
current,1,Baseline SAC,2,20,0.05,0.0,0.0,0,1.0,1.0,1.0,1.0,1.0,0.0,0.0,0.0,0.0,59.35,0.07563730616091494,2.2834215202462764
current,1,Baseline SAC,3,20,0.05,0.0,0.0,0,1.0,1.0,1.0,1.0,1.0,0.0,0.0,0.0,0.0,55.5,0.0638502009475248,1.7477369820212314
current,1,Baseline SAC,4,20,0.05,0.0,0.0,0,1.0,1.0,1.0,1.0,1.0,0.0,0.0,0.0,0.0,60.0,0.07664641436044592,1.7173067740509098
current,1,Precision SAC,0,20,0.05,0.0,0.0,0,1.0,1.0,1.0,1.0,1.0,0.0,0.0,0.0,0.0,53.1,0.0674836039186731,1.4953283130779436
current,1,Precision SAC,1,20,0.05,0.0,0.0,0,1.0,1.0,1.0,1.0,1.0,0.0,0.0,0.0,0.0,57.35,0.07211713428201708,1.886459811601163
current,1,Precision SAC,2,20,0.05,0.0,0.0,0,1.0,1.0,1.0,1.0,1.0,0.0,0.0,0.0,0.0,56.45,0.06468823048331247,1.352138738633377
current,1,Precision SAC,3,20,0.05,0.0,0.0,0,1.0,1.0,1.0,1.0,1.0,0.0,0.0,0.0,0.0,54.05,0.06714912277901512,1.2799889250447931
current,1,Precision SAC,4,20,0.05,0.0,0.0,0,1.0,1.0,1.0,1.0,1.0,0.0,0.0,0.0,0.0,54.8,0.06927881873198535,1.539212437493942
current,1,Hard-switch SAC,0,20,0.05,0.0,0.0,0,1.0,1.0,1.0,1.0,1.0,0.0,0.0,0.0,0.0,56.35,0.06333610485246424,1.5613018259735365
current,1,Hard-switch SAC,1,20,0.05,0.0,0.0,0,1.0,1.0,1.0,1.0,1.0,0.0,0.0,0.0,0.0,56.2,0.06751476768006356,1.568677922015026
current,1,Hard-switch SAC,2,20,0.05,0.0,0.0,0,1.0,1.0,1.0,1.0,1.0,0.0,0.0,0.0,0.0,52.7,0.059448694997545216,1.2409199284967936
current,1,Hard-switch SAC,3,20,0.05,0.0,0.0,0,1.0,1.0,1.0,1.0,1.0,0.0,0.0,0.0,0.0,58.3,0.07391106824897804,1.41699729009816
current,1,Hard-switch SAC,4,20,0.05,0.0,0.0,0,1.0,1.0,1.0,1.0,1.0,0.0,0.0,0.0,0.0,56.65,0.07018644751391909,1.6320852701404427
current,1,Proposed smooth SAC,0,20,0.05,0.0,0.0,0,1.0,1.0,1.0,1.0,1.0,0.0,0.0,0.0,0.0,56.3,0.07089424617202814,0.8041602918086479
current,1,Proposed smooth SAC,1,20,0.05,0.0,0.0,0,1.0,1.0,1.0,1.0,1.0,0.0,0.0,0.0,0.0,54.95,0.06819300749720847,1.581660844973975
current,1,Proposed smooth SAC,2,20,0.05,0.0,0.0,0,1.0,1.0,1.0,1.0,1.0,0.0,0.0,0.0,0.0,54.65,0.07049549928234564,1.1522628474379382
current,1,Proposed smooth SAC,3,20,0.05,0.0,0.0,0,1.0,1.0,1.0,1.0,1.0,0.0,0.0,0.0,0.0,54.7,0.0635410274781504,1.3904742258084886
current,1,Proposed smooth SAC,4,20,0.05,0.0,0.0,0,1.0,1.0,1.0,1.0,1.0,0.0,0.0,0.0,0.0,54.85,0.07215947063036893,1.4208479115872032
current,2,Baseline SAC,0,20,0.1,0.0,0.0,0,1.0,1.0,1.0,0.95,0.95,0.0,0.0,0.05,0.0,113.75,0.0803955338171706,1.7090963767389038
current,2,Baseline SAC,1,20,0.1,0.0,0.0,0,1.0,1.0,1.0,1.0,1.0,0.0,0.0,0.0,0.0,56.15,0.0726522621096764,1.631524448243572
current,2,Baseline SAC,2,20,0.1,0.0,0.0,0,1.0,1.0,1.0,0.9,0.9,0.0,0.0,0.1,0.0,167.2,0.0869198386361372,1.671458680015519
current,2,Baseline SAC,3,20,0.1,0.0,0.0,0,1.0,1.0,1.0,1.0,1.0,0.0,0.0,0.0,0.0,57.45,0.07033085180501887,1.8764549651791633
current,2,Baseline SAC,4,20,0.1,0.0,0.0,0,1.0,1.0,1.0,1.0,1.0,0.0,0.0,0.0,0.0,69.15,0.08207460356785237,1.5233631026697068
current,2,Precision SAC,0,20,0.1,0.0,0.0,0,1.0,1.0,1.0,1.0,1.0,0.0,0.0,0.0,0.0,56.15,0.07883124162463453,1.5463052105695696
current,2,Precision SAC,1,20,0.1,0.0,0.0,0,1.0,1.0,1.0,1.0,1.0,0.0,0.0,0.0,0.0,75.45,0.08274971858504095,1.916725932614309
current,2,Precision SAC,2,20,0.1,0.0,0.0,0,1.0,1.0,1.0,1.0,1.0,0.0,0.0,0.0,0.0,56.0,0.06746848680325626,1.4906413767382634
current,2,Precision SAC,3,20,0.1,0.0,0.0,0,1.0,1.0,1.0,1.0,1.0,0.0,0.0,0.0,0.0,54.4,0.061653140355069844,1.058928452835458
current,2,Precision SAC,4,20,0.1,0.0,0.0,0,1.0,1.0,1.0,1.0,1.0,0.0,0.0,0.0,0.0,65.65,0.07746296487007108,1.1998294053958176
current,2,Hard-switch SAC,0,20,0.1,0.0,0.0,0,1.0,1.0,1.0,1.0,1.0,0.0,0.0,0.0,0.0,57.3,0.0655080609040894,1.5466860727555707
current,2,Hard-switch SAC,1,20,0.1,0.0,0.0,0,1.0,1.0,1.0,1.0,1.0,0.0,0.0,0.0,0.0,60.25,0.07080942665810305,1.6688696427827623
current,2,Hard-switch SAC,2,20,0.1,0.0,0.0,0,1.0,1.0,1.0,1.0,1.0,0.0,0.0,0.0,0.0,53.65,0.06970219606537215,1.2352355432471847
current,2,Hard-switch SAC,3,20,0.1,0.0,0.0,0,1.0,1.0,1.0,1.0,1.0,0.0,0.0,0.0,0.0,61.4,0.07881249106633297,1.2820462271314608
current,2,Hard-switch SAC,4,20,0.1,0.0,0.0,0,1.0,1.0,1.0,1.0,1.0,0.0,0.0,0.0,0.0,61.1,0.07591245366928814,1.378892683077186
current,2,Proposed smooth SAC,0,20,0.1,0.0,0.0,0,1.0,1.0,1.0,1.0,1.0,0.0,0.0,0.0,0.0,66.7,0.07994678727369824,1.1529274351828456
current,2,Proposed smooth SAC,1,20,0.1,0.0,0.0,0,1.0,1.0,1.0,1.0,1.0,0.0,0.0,0.0,0.0,58.9,0.07440634677988414,1.5349863650835838
current,2,Proposed smooth SAC,2,20,0.1,0.0,0.0,0,1.0,1.0,1.0,1.0,1.0,0.0,0.0,0.0,0.0,55.75,0.07365946581952781,1.1477697302224068
current,2,Proposed smooth SAC,3,20,0.1,0.0,0.0,0,1.0,1.0,1.0,1.0,1.0,0.0,0.0,0.0,0.0,75.0,0.07377205817263463,1.5902866688654325
current,2,Proposed smooth SAC,4,20,0.1,0.0,0.0,0,1.0,1.0,1.0,1.0,1.0,0.0,0.0,0.0,0.0,56.85,0.07613716865005102,1.4383878214926045
current,3,Baseline SAC,0,20,0.15,0.0,0.0,0,1.0,1.0,1.0,0.8,0.8,0.0,0.0,0.2,0.0,283.55,0.09998761874601597,1.7711955131860797
current,3,Baseline SAC,1,20,0.15,0.0,0.0,0,1.0,1.0,1.0,0.9,0.9,0.0,0.0,0.1,0.0,159.05,0.09374390743885205,1.5776125489974735
current,3,Baseline SAC,2,20,0.15,0.0,0.0,0,1.0,1.0,1.0,0.4,0.45,0.05,0.05,0.6,0.0,643.8,0.12692543036798512,1.603263526696439
current,3,Baseline SAC,3,20,0.15,0.0,0.0,0,1.0,1.0,1.0,1.0,1.0,0.0,0.0,0.0,0.0,63.25,0.08180449877839914,1.379999440693745
current,3,Baseline SAC,4,20,0.15,0.0,0.0,0,1.0,1.0,1.0,0.55,0.65,0.1,0.1,0.45,0.0,493.85,0.11131485568819277,1.4111722242126141
current,3,Precision SAC,0,20,0.15,0.0,0.0,0,1.0,1.0,1.0,0.9,0.9,0.0,0.0,0.1,0.0,176.4,0.09543415930461953,1.6366172270115786
current,3,Precision SAC,1,20,0.15,0.0,0.0,0,1.0,1.0,1.0,0.6,0.6,0.0,0.0,0.4,0.0,462.75,0.1092513019429995,1.9910563360388749
current,3,Precision SAC,2,20,0.15,0.0,0.0,0,1.0,1.0,1.0,1.0,1.0,0.0,0.0,0.0,0.0,75.4,0.07984858252102987,1.2526112973682468
current,3,Precision SAC,3,20,0.15,0.0,0.0,0,1.0,1.0,1.0,1.0,1.0,0.0,0.0,0.0,0.0,67.5,0.08338604783053093,1.2368348547197054
current,3,Precision SAC,4,20,0.15,0.0,0.0,0,1.0,1.0,1.0,0.95,0.95,0.0,0.0,0.05,0.0,115.1,0.08877668613412994,1.0749886733354996
current,3,Hard-switch SAC,0,20,0.15,0.0,0.0,0,1.0,1.0,1.0,1.0,1.0,0.0,0.0,0.0,0.0,67.25,0.08241316365154963,1.415796135506999
current,3,Hard-switch SAC,1,20,0.15,0.0,0.0,0,1.0,1.0,1.0,1.0,1.0,0.0,0.05,0.0,0.0,64.85,0.08253368331233216,1.4745277863806874
current,3,Hard-switch SAC,2,20,0.15,0.0,0.0,0,1.0,1.0,1.0,1.0,1.0,0.0,0.0,0.0,0.0,62.3,0.08764983473842146,1.0615521642839283
current,3,Hard-switch SAC,3,20,0.15,0.0,0.0,0,1.0,1.0,1.0,0.95,0.95,0.0,0.0,0.05,0.0,128.1,0.0863312310209996,1.5797627907655134
current,3,Hard-switch SAC,4,20,0.15,0.0,0.0,0,1.0,1.0,1.0,0.95,0.95,0.0,0.0,0.05,0.0,118.9,0.08684298266291739,1.0609610220834345
current,3,Proposed smooth SAC,0,20,0.15,0.0,0.0,0,1.0,1.0,1.0,0.85,0.9,0.05,0.05,0.15,0.0,231.1,0.09832035353499627,1.5578330091409254
current,3,Proposed smooth SAC,1,20,0.15,0.0,0.0,0,1.0,1.0,1.0,1.0,1.0,0.0,0.0,0.0,0.0,76.65,0.08642159397857993,1.391953524053784
current,3,Proposed smooth SAC,2,20,0.15,0.0,0.0,0,1.0,1.0,1.0,1.0,1.0,0.0,0.0,0.0,0.0,68.5,0.08689922870178649,1.1199511511359346
current,3,Proposed smooth SAC,3,20,0.15,0.0,0.0,0,1.0,1.0,1.0,0.85,0.85,0.0,0.0,0.15,0.0,212.4,0.08802134343746197,1.5749009380503154
current,3,Proposed smooth SAC,4,20,0.15,0.0,0.0,0,1.0,1.0,1.0,0.85,0.85,0.0,0.0,0.15,0.0,212.75,0.09663707285999343,1.448202353681351
current,4,Baseline SAC,0,20,0.2,0.0,0.0,0,1.0,1.0,1.0,0.5,0.55,0.05,0.05,0.5,0.0,559.6,0.12294034757410563,1.7922299521845626
current,4,Baseline SAC,1,20,0.2,0.0,0.0,0,1.0,1.0,1.0,0.55,0.55,0.0,0.0,0.45,0.0,509.9,0.12706994566471796,1.3725326632188528
current,4,Baseline SAC,2,20,0.2,0.0,0.0,0,1.0,1.0,1.0,0.3,0.35,0.05,0.05,0.7,0.0,725.05,0.13845015806580344,2.071719610153586
current,4,Baseline SAC,3,20,0.2,0.0,0.0,0,1.0,1.0,1.0,0.95,0.95,0.0,0.0,0.05,0.0,141.2,0.09101177581560368,1.592466904101871
current,4,Baseline SAC,4,20,0.2,0.0,0.0,0,1.0,1.0,1.0,0.25,0.25,0.0,0.0,0.75,0.0,762.75,0.13288592383018655,1.6924575770174184
current,4,Precision SAC,0,20,0.2,0.0,0.0,0,1.0,1.0,1.0,0.25,0.3,0.05,0.05,0.75,0.0,762.55,0.12729598421658495,2.150881308533932
current,4,Precision SAC,1,20,0.2,0.0,0.0,0,1.0,1.0,1.0,0.55,0.55,0.0,0.0,0.45,0.0,519.15,0.11852115894341719,1.8730533208641387
current,4,Precision SAC,2,20,0.2,0.0,0.0,0,1.0,1.0,1.0,0.8,0.8,0.0,0.0,0.2,0.0,317.15,0.09526623678172938,1.4941919096722924
current,4,Precision SAC,3,20,0.2,0.0,0.0,0,1.0,1.0,1.0,0.85,0.85,0.0,0.0,0.15,0.0,251.65,0.09404785232203572,1.3163205458580742
current,4,Precision SAC,4,20,0.2,0.0,0.0,0,1.0,1.0,1.0,0.75,0.75,0.0,0.0,0.25,0.0,360.7,0.10663655640941908,1.2720249344777181
current,4,Hard-switch SAC,0,20,0.2,0.0,0.0,0,1.0,1.0,1.0,0.85,0.85,0.0,0.0,0.15,0.0,286.75,0.0990944706901487,1.3634943142443197
current,4,Hard-switch SAC,1,20,0.2,0.0,0.0,0,1.0,1.0,1.0,0.85,0.85,0.0,0.0,0.15,0.0,230.8,0.09274922999163421,1.3333624847387413
current,4,Hard-switch SAC,2,20,0.2,0.0,0.0,0,1.0,1.0,1.0,0.85,0.85,0.0,0.0,0.15,0.0,246.9,0.09025573204265974,1.2229309978115515
current,4,Hard-switch SAC,3,20,0.2,0.0,0.0,0,1.0,1.0,1.0,0.75,0.75,0.0,0.0,0.25,0.0,340.3,0.09894985064346622,1.4349440903890125
current,4,Hard-switch SAC,4,20,0.2,0.0,0.0,0,1.0,1.0,1.0,0.75,0.75,0.0,0.05,0.25,0.0,317.05,0.10130661085451406,1.7644203610667493
current,4,Proposed smooth SAC,0,20,0.2,0.0,0.0,0,1.0,1.0,1.0,0.55,0.55,0.0,0.0,0.45,0.0,513.4,0.10826233455870637,2.2896596157250872
current,4,Proposed smooth SAC,1,20,0.2,0.0,0.0,0,1.0,1.0,1.0,0.65,0.65,0.0,0.0,0.35,0.0,424.75,0.10359432866331815,1.745932680830267
current,4,Proposed smooth SAC,2,20,0.2,0.0,0.0,0,1.0,1.0,1.0,0.55,0.55,0.0,0.0,0.45,0.0,491.95,0.10211601735667102,1.303104401954449
current,4,Proposed smooth SAC,3,20,0.2,0.0,0.0,0,1.0,1.0,1.0,0.65,0.65,0.0,0.0,0.35,0.0,409.0,0.10676472258437227,1.2182694168816384
current,4,Proposed smooth SAC,4,20,0.2,0.0,0.0,0,1.0,1.0,1.0,0.4,0.4,0.0,0.0,0.6,0.0,630.35,0.12078033346692674,1.3499782195650707
current,5,Baseline SAC,0,20,0.3,0.0,0.0,0,1.0,1.0,1.0,0.1,0.15,0.05,0.05,0.9,0.0,905.4,0.17117787529537756,2.8184423721913228
current,5,Baseline SAC,1,20,0.3,0.0,0.0,0,1.0,1.0,1.0,0.15,0.2,0.05,0.05,0.85,0.0,856.95,0.15004005161437034,2.2032108155331867
current,5,Baseline SAC,2,20,0.3,0.0,0.0,0,1.0,1.0,1.0,0.15,0.15,0.0,0.0,0.85,0.0,857.4,0.17321800238641485,2.770835776918509
current,5,Baseline SAC,3,20,0.3,0.0,0.0,0,1.0,1.0,1.0,0.25,0.3,0.05,0.05,0.75,0.0,793.1,0.13418925647346078,1.8466560070105182
current,5,Baseline SAC,4,20,0.3,0.0,0.0,0,1.0,1.0,1.0,0.05,0.15,0.1,0.1,0.95,0.0,952.55,0.18472259750196546,2.233158562019108
current,5,Precision SAC,0,20,0.3,0.0,0.0,0,1.0,1.0,1.0,0.05,0.05,0.0,0.0,0.95,0.0,951.95,0.16380341194754203,2.197624025615989
current,5,Precision SAC,1,20,0.3,0.0,0.0,0,1.0,1.0,1.0,0.05,0.15,0.1,0.1,0.95,0.0,952.35,0.1726533665882369,2.960184808392997
current,5,Precision SAC,2,20,0.3,0.0,0.0,0,1.0,1.0,1.0,0.2,0.25,0.05,0.1,0.8,0.0,824.0,0.14162130206950585,1.9681415876500534
current,5,Precision SAC,3,20,0.3,0.0,0.0,0,1.0,1.0,1.0,0.2,0.25,0.05,0.05,0.8,0.0,829.2,0.14193468171014836,1.9890901320171441
current,5,Precision SAC,4,20,0.3,0.0,0.0,0,1.0,1.0,1.0,0.1,0.1,0.0,0.0,0.9,0.0,904.8,0.15533786594074336,1.494376556399335
current,5,Hard-switch SAC,0,20,0.3,0.0,0.0,0,1.0,1.0,1.0,0.1,0.1,0.0,0.0,0.9,0.0,904.65,0.14144216891873215,1.4356212359436376
current,5,Hard-switch SAC,1,20,0.3,0.0,0.0,0,1.0,1.0,1.0,0.15,0.15,0.0,0.0,0.85,0.0,857.1,0.14213384573602203,1.6465621622441784
current,5,Hard-switch SAC,2,20,0.3,0.0,0.0,0,1.0,1.0,1.0,0.35,0.35,0.0,0.0,0.65,0.0,685.45,0.12678765184047208,1.3547457979105635
current,5,Hard-switch SAC,3,20,0.3,0.0,0.0,0,1.0,1.0,1.0,0.15,0.15,0.0,0.0,0.85,0.0,857.35,0.15796413660918734,2.379944806441758
current,5,Hard-switch SAC,4,20,0.3,0.0,0.0,0,1.0,1.0,1.0,0.25,0.25,0.0,0.05,0.75,0.0,775.0,0.1356560939801229,2.734141973651801
current,5,Proposed smooth SAC,0,20,0.3,0.0,0.0,0,1.0,1.0,1.0,0.15,0.2,0.05,0.05,0.85,0.0,857.0,0.15664578335276005,1.9506002202012929
current,5,Proposed smooth SAC,1,20,0.3,0.0,0.0,0,1.0,1.0,1.0,0.15,0.15,0.0,0.0,0.85,0.0,858.45,0.15040472522872933,2.522954620262504
current,5,Proposed smooth SAC,2,20,0.3,0.0,0.0,0,1.0,1.0,1.0,0.15,0.2,0.05,0.05,0.85,0.0,857.15,0.1427666623016955,1.366789073435951
current,5,Proposed smooth SAC,3,20,0.3,0.0,0.0,0,1.0,1.0,1.0,0.05,0.05,0.0,0.0,0.95,0.0,952.55,0.1476580140345655,1.28217736301159
current,5,Proposed smooth SAC,4,20,0.3,0.0,0.0,0,1.0,1.0,1.0,0.25,0.25,0.0,0.0,0.75,0.0,762.55,0.14808833686586012,1.718780381861502
noise,0,Baseline SAC,0,20,0.0,0.0,0.0,0,1.0,1.0,1.0,1.0,1.0,0.0,0.0,0.0,0.0,60.0,0.0704034424528026,1.8512583449706494
noise,0,Baseline SAC,1,20,0.0,0.0,0.0,0,1.0,1.0,1.0,1.0,1.0,0.0,0.0,0.0,0.0,53.6,0.060700782184035164,1.5776456328930184
noise,0,Baseline SAC,2,20,0.0,0.0,0.0,0,1.0,1.0,1.0,1.0,1.0,0.0,0.0,0.0,0.0,57.6,0.07120502827081335,2.249694681785914
noise,0,Baseline SAC,3,20,0.0,0.0,0.0,0,1.0,1.0,1.0,1.0,1.0,0.0,0.0,0.0,0.0,55.0,0.06279692361021655,1.8615426398447006
noise,0,Baseline SAC,4,20,0.0,0.0,0.0,0,1.0,1.0,1.0,1.0,1.0,0.0,0.0,0.0,0.0,56.7,0.0727580874352051,1.9607909447353926
noise,0,Precision SAC,0,20,0.0,0.0,0.0,0,1.0,1.0,1.0,1.0,1.0,0.0,0.0,0.0,0.0,52.25,0.06459476143273188,1.5534968804300502
noise,0,Precision SAC,1,20,0.0,0.0,0.0,0,1.0,1.0,1.0,1.0,1.0,0.0,0.0,0.0,0.0,56.55,0.06696387950073653,1.8663155700336094
noise,0,Precision SAC,2,20,0.0,0.0,0.0,0,1.0,1.0,1.0,1.0,1.0,0.0,0.0,0.0,0.0,55.55,0.06109888356272915,1.4847413683696276
noise,0,Precision SAC,3,20,0.0,0.0,0.0,0,1.0,1.0,1.0,1.0,1.0,0.0,0.0,0.0,0.0,53.2,0.06237285973489816,1.224335666902015
noise,0,Precision SAC,4,20,0.0,0.0,0.0,0,1.0,1.0,1.0,1.0,1.0,0.0,0.0,0.0,0.0,53.6,0.06567597789173976,1.4754727884090835
noise,0,Hard-switch SAC,0,20,0.0,0.0,0.0,0,1.0,1.0,1.0,1.0,1.0,0.0,0.0,0.0,0.0,56.0,0.06564559913438803,1.5562640998892745
noise,0,Hard-switch SAC,1,20,0.0,0.0,0.0,0,1.0,1.0,1.0,1.0,1.0,0.0,0.0,0.0,0.0,55.2,0.06424507672730687,1.4805757421329084
noise,0,Hard-switch SAC,2,20,0.0,0.0,0.0,0,1.0,1.0,1.0,1.0,1.0,0.0,0.0,0.0,0.0,52.1,0.0581893210056784,1.197499848650455
noise,0,Hard-switch SAC,3,20,0.0,0.0,0.0,0,1.0,1.0,1.0,1.0,1.0,0.0,0.0,0.0,0.0,57.0,0.06959709827728838,1.4909772421193024
noise,0,Hard-switch SAC,4,20,0.0,0.0,0.0,0,1.0,1.0,1.0,1.0,1.0,0.0,0.0,0.0,0.0,55.8,0.06753895688623293,1.6280629747397704
noise,0,Proposed smooth SAC,0,20,0.0,0.0,0.0,0,1.0,1.0,1.0,1.0,1.0,0.0,0.0,0.0,0.0,55.95,0.06823981734203724,0.8179161451623209
noise,0,Proposed smooth SAC,1,20,0.0,0.0,0.0,0,1.0,1.0,1.0,1.0,1.0,0.0,0.0,0.0,0.0,54.0,0.06664259044905393,1.448573759891705
noise,0,Proposed smooth SAC,2,20,0.0,0.0,0.0,0,1.0,1.0,1.0,1.0,1.0,0.0,0.0,0.0,0.0,53.85,0.06726710536682659,1.2078581273465236
noise,0,Proposed smooth SAC,3,20,0.0,0.0,0.0,0,1.0,1.0,1.0,1.0,1.0,0.0,0.0,0.0,0.0,54.0,0.06142120371275176,1.518720047794154
noise,0,Proposed smooth SAC,4,20,0.0,0.0,0.0,0,1.0,1.0,1.0,1.0,1.0,0.0,0.0,0.0,0.0,53.85,0.06703740956241853,1.471402563748398
noise,1,Baseline SAC,0,20,0.0,0.02,2.0,0,1.0,1.0,1.0,1.0,1.0,0.0,0.0,0.0,0.0,60.8,0.06943326491202036,2.026842255753468
noise,1,Baseline SAC,1,20,0.0,0.02,2.0,0,1.0,1.0,1.0,1.0,1.0,0.0,0.0,0.0,0.0,53.7,0.060673945927313955,1.8197225174707086
noise,1,Baseline SAC,2,20,0.0,0.02,2.0,0,1.0,1.0,1.0,1.0,1.0,0.0,0.0,0.0,0.0,57.85,0.07303215264894118,2.189767263015787
noise,1,Baseline SAC,3,20,0.0,0.02,2.0,0,1.0,1.0,1.0,1.0,1.0,0.0,0.0,0.0,0.0,55.55,0.062147275891982066,2.442750348867241
noise,1,Baseline SAC,4,20,0.0,0.02,2.0,0,1.0,1.0,1.0,1.0,1.0,0.0,0.0,0.0,0.0,56.95,0.07257659332128522,1.6932963212459478
noise,1,Precision SAC,0,20,0.0,0.02,2.0,0,1.0,1.0,1.0,1.0,1.0,0.0,0.05,0.0,0.0,53.3,0.06094758108181505,1.7403580972081674
noise,1,Precision SAC,1,20,0.0,0.02,2.0,0,1.0,1.0,1.0,1.0,1.0,0.0,0.05,0.0,0.0,57.0,0.06586605219817307,2.2034495393158178
noise,1,Precision SAC,2,20,0.0,0.02,2.0,0,1.0,1.0,1.0,1.0,1.0,0.0,0.0,0.0,0.0,55.45,0.0607120283756102,1.730435541892464
noise,1,Precision SAC,3,20,0.0,0.02,2.0,0,1.0,1.0,1.0,1.0,1.0,0.0,0.0,0.0,0.0,53.35,0.06295582158802925,1.311679867541507
noise,1,Precision SAC,4,20,0.0,0.02,2.0,0,1.0,1.0,1.0,1.0,1.0,0.0,0.0,0.0,0.0,54.05,0.06673403260888047,1.8090823954208097
noise,1,Hard-switch SAC,0,20,0.0,0.02,2.0,0,1.0,1.0,1.0,1.0,1.0,0.0,0.0,0.0,0.0,55.95,0.06579507535418738,1.7645925388632446
noise,1,Hard-switch SAC,1,20,0.0,0.02,2.0,0,1.0,1.0,1.0,1.0,1.0,0.0,0.05,0.0,0.0,56.6,0.06279588752105111,1.5623335180435387
noise,1,Hard-switch SAC,2,20,0.0,0.02,2.0,0,1.0,1.0,1.0,1.0,1.0,0.0,0.0,0.0,0.0,52.6,0.05647504600431724,1.575443436497314
noise,1,Hard-switch SAC,3,20,0.0,0.02,2.0,0,1.0,1.0,1.0,1.0,1.0,0.0,0.0,0.0,0.0,57.9,0.06839826256069427,1.9616414820459167
noise,1,Hard-switch SAC,4,20,0.0,0.02,2.0,0,1.0,1.0,1.0,1.0,1.0,0.0,0.0,0.0,0.0,56.2,0.06914009723320916,1.8007393260197457
noise,1,Proposed smooth SAC,0,20,0.0,0.02,2.0,0,1.0,1.0,1.0,1.0,1.0,0.0,0.0,0.0,0.0,55.95,0.0683919803008781,1.1174231405011557
noise,1,Proposed smooth SAC,1,20,0.0,0.02,2.0,0,1.0,1.0,1.0,1.0,1.0,0.0,0.0,0.0,0.0,54.05,0.06595421764058211,1.7879846797264158
noise,1,Proposed smooth SAC,2,20,0.0,0.02,2.0,0,1.0,1.0,1.0,1.0,1.0,0.0,0.0,0.0,0.0,53.9,0.06652440149542534,1.7495420245945457
noise,1,Proposed smooth SAC,3,20,0.0,0.02,2.0,0,1.0,1.0,1.0,1.0,1.0,0.0,0.0,0.0,0.0,54.45,0.06356495851459457,1.8011858319609533
noise,1,Proposed smooth SAC,4,20,0.0,0.02,2.0,0,1.0,1.0,1.0,1.0,1.0,0.0,0.0,0.0,0.0,54.45,0.06718043877691868,1.4856681209029587
noise,2,Baseline SAC,0,20,0.0,0.05,5.0,0,1.0,1.0,1.0,1.0,1.0,0.0,0.1,0.0,0.0,63.65,0.06069633574453846,2.7388872022209427
noise,2,Baseline SAC,1,20,0.0,0.05,5.0,0,1.0,1.0,1.0,1.0,1.0,0.0,0.05,0.0,0.0,55.7,0.054199238285450334,2.0052241847610297
noise,2,Baseline SAC,2,20,0.0,0.05,5.0,0,1.0,1.0,1.0,1.0,1.0,0.0,0.0,0.0,0.0,55.7,0.06189401201478086,1.9720317045495572
noise,2,Baseline SAC,3,20,0.0,0.05,5.0,0,1.0,1.0,1.0,1.0,1.0,0.0,0.0,0.0,0.0,57.4,0.054342711131373254,2.5404026680005685
noise,2,Baseline SAC,4,20,0.0,0.05,5.0,0,1.0,1.0,1.0,1.0,1.0,0.0,0.15,0.0,0.0,61.75,0.05738181261317917,2.676518970661198
noise,2,Precision SAC,0,20,0.0,0.05,5.0,0,1.0,1.0,1.0,1.0,1.0,0.0,0.0,0.0,0.0,52.6,0.0574234437140395,1.8609321156484153
noise,2,Precision SAC,1,20,0.0,0.05,5.0,0,1.0,1.0,1.0,1.0,1.0,0.0,0.05,0.0,0.0,57.85,0.05876738680856451,2.387421415653795
noise,2,Precision SAC,2,20,0.0,0.05,5.0,0,1.0,1.0,1.0,1.0,1.0,0.0,0.05,0.0,0.0,56.95,0.051615235042079696,2.2082817740896186
noise,2,Precision SAC,3,20,0.0,0.05,5.0,0,1.0,1.0,1.0,1.0,1.0,0.0,0.0,0.0,0.0,52.9,0.05211534704169165,2.0446103674212743
noise,2,Precision SAC,4,20,0.0,0.05,5.0,0,1.0,1.0,1.0,1.0,1.0,0.0,0.0,0.0,0.0,54.75,0.059346198924210114,2.0251243342773995
noise,2,Hard-switch SAC,0,20,0.0,0.05,5.0,0,1.0,1.0,1.0,1.0,1.0,0.0,0.0,0.0,0.0,55.9,0.056912040829196764,1.727868889537494
noise,2,Hard-switch SAC,1,20,0.0,0.05,5.0,0,1.0,1.0,1.0,1.0,1.0,0.0,0.0,0.0,0.0,55.65,0.06005969919829725,2.389911752650982
noise,2,Hard-switch SAC,2,20,0.0,0.05,5.0,0,1.0,1.0,1.0,1.0,1.0,0.0,0.05,0.0,0.0,53.75,0.04943498939006961,2.1417341629814697
noise,2,Hard-switch SAC,3,20,0.0,0.05,5.0,0,1.0,1.0,1.0,1.0,1.0,0.0,0.0,0.0,0.0,60.65,0.061445325290054385,2.105391852123809
noise,2,Hard-switch SAC,4,20,0.0,0.05,5.0,0,1.0,1.0,1.0,1.0,1.0,0.0,0.05,0.0,0.0,59.5,0.05299751932886145,1.8541679549476402
noise,2,Proposed smooth SAC,0,20,0.0,0.05,5.0,0,1.0,1.0,1.0,1.0,1.0,0.0,0.1,0.0,0.0,55.55,0.06225550242035205,1.9064145044135732
noise,2,Proposed smooth SAC,1,20,0.0,0.05,5.0,0,1.0,1.0,1.0,1.0,1.0,0.0,0.0,0.0,0.0,54.75,0.05600311681638148,2.1866017157954096
noise,2,Proposed smooth SAC,2,20,0.0,0.05,5.0,0,1.0,1.0,1.0,1.0,1.0,0.0,0.0,0.0,0.0,53.7,0.05451970635015935,2.346757208081314
noise,2,Proposed smooth SAC,3,20,0.0,0.05,5.0,0,1.0,1.0,1.0,1.0,1.0,0.0,0.0,0.0,0.0,56.9,0.05407898090451726,1.3858109898583726
noise,2,Proposed smooth SAC,4,20,0.0,0.05,5.0,0,1.0,1.0,1.0,1.0,1.0,0.0,0.05,0.0,0.0,53.75,0.05644122045723645,2.1443206821134937
noise,3,Baseline SAC,0,20,0.0,0.1,10.0,0,1.0,1.0,1.0,0.95,0.95,0.0,0.25,0.05,0.0,177.3,0.07386311436557383,3.0320335879806435
noise,3,Baseline SAC,1,20,0.0,0.1,10.0,0,1.0,1.0,1.0,0.95,0.95,0.0,0.1,0.05,0.0,197.1,0.07359010101378324,3.2512662785562148
noise,3,Baseline SAC,2,20,0.0,0.1,10.0,0,1.0,1.0,1.0,0.95,0.95,0.0,0.2,0.05,0.0,193.95,0.07373699803335633,2.6665969109344148
noise,3,Baseline SAC,3,20,0.0,0.1,10.0,0,1.0,1.0,1.0,0.95,0.95,0.0,0.1,0.05,0.0,179.65,0.07299090998831245,2.7373453050251
noise,3,Baseline SAC,4,20,0.0,0.1,10.0,0,1.0,1.0,1.0,0.95,0.95,0.0,0.25,0.05,0.0,239.1,0.07656603185316599,3.5098968102733585
noise,3,Precision SAC,0,20,0.0,0.1,10.0,0,1.0,1.0,1.0,0.9,0.95,0.05,0.25,0.1,0.0,257.5,0.07665314958609762,2.966340272256569
noise,3,Precision SAC,1,20,0.0,0.1,10.0,0,1.0,1.0,1.0,0.9,0.9,0.0,0.2,0.1,0.0,244.95,0.07998878579129987,3.6079729986735813
noise,3,Precision SAC,2,20,0.0,0.1,10.0,0,1.0,1.0,1.0,0.95,0.95,0.0,0.2,0.05,0.0,199.3,0.07702049506032696,2.7219301919734784
noise,3,Precision SAC,3,20,0.0,0.1,10.0,0,1.0,1.0,1.0,0.9,0.95,0.05,0.3,0.1,0.0,221.5,0.07993592465179652,3.1401131833938587
noise,3,Precision SAC,4,20,0.0,0.1,10.0,0,1.0,1.0,1.0,0.85,0.9,0.05,0.3,0.15,0.0,238.1,0.07920897942214788,3.8716938249192125
noise,3,Hard-switch SAC,0,20,0.0,0.1,10.0,0,1.0,1.0,1.0,0.95,0.95,0.0,0.2,0.05,0.0,191.0,0.07342400758179786,3.2199103181516717
noise,3,Hard-switch SAC,1,20,0.0,0.1,10.0,0,1.0,1.0,1.0,0.85,0.95,0.1,0.3,0.15,0.0,255.95,0.0781477075223244,4.448172576430679
noise,3,Hard-switch SAC,2,20,0.0,0.1,10.0,0,1.0,1.0,1.0,0.85,0.9,0.05,0.3,0.15,0.0,239.6,0.07702447716957525,3.532472074248047
noise,3,Hard-switch SAC,3,20,0.0,0.1,10.0,0,1.0,1.0,1.0,0.9,0.95,0.05,0.25,0.1,0.0,273.75,0.08000607551821495,2.982972766059265
noise,3,Hard-switch SAC,4,20,0.0,0.1,10.0,0,1.0,1.0,1.0,1.0,1.0,0.0,0.3,0.0,0.0,178.15,0.08111957972897585,2.7364236873899666
noise,3,Proposed smooth SAC,0,20,0.0,0.1,10.0,0,1.0,1.0,1.0,0.95,0.95,0.0,0.25,0.05,0.0,240.4,0.07358580683112441,2.7782964879314385
noise,3,Proposed smooth SAC,1,20,0.0,0.1,10.0,0,1.0,1.0,1.0,0.9,0.9,0.0,0.3,0.1,0.0,246.75,0.08328402773512042,3.200617624415794
noise,3,Proposed smooth SAC,2,20,0.0,0.1,10.0,0,1.0,1.0,1.0,0.95,0.95,0.0,0.2,0.05,0.0,167.2,0.0729234123721211,3.2512104977886453
noise,3,Proposed smooth SAC,3,20,0.0,0.1,10.0,0,1.0,1.0,1.0,0.9,0.9,0.0,0.4,0.1,0.0,237.85,0.07275799102840677,3.3559439294996083
noise,3,Proposed smooth SAC,4,20,0.0,0.1,10.0,0,1.0,1.0,1.0,0.95,0.95,0.0,0.25,0.05,0.0,201.25,0.06582415315655776,3.3365733589339897
noise,4,Baseline SAC,0,20,0.0,0.15,15.0,0,1.0,1.0,1.0,0.9,0.95,0.05,0.3,0.1,0.0,310.35,0.08838912983532424,2.7019798394828163
noise,4,Baseline SAC,1,20,0.0,0.15,15.0,0,1.0,1.0,1.0,0.9,0.9,0.0,0.2,0.1,0.0,291.5,0.0819775956324971,3.239080215891846
noise,4,Baseline SAC,2,20,0.0,0.15,15.0,0,1.0,1.0,1.0,0.85,0.85,0.0,0.35,0.15,0.0,354.25,0.07872603751490151,3.240611091737029
noise,4,Baseline SAC,3,20,0.0,0.15,15.0,0,1.0,1.0,1.0,0.9,0.9,0.0,0.15,0.1,0.0,330.25,0.08902415253254606,2.387438801953689
noise,4,Baseline SAC,4,20,0.0,0.15,15.0,0,1.0,1.0,1.0,0.9,0.95,0.05,0.25,0.1,0.0,351.8,0.08856483993232159,3.186407109022678
noise,4,Precision SAC,0,20,0.0,0.15,15.0,0,1.0,1.0,1.0,0.8,0.9,0.1,0.15,0.2,0.0,366.9,0.09275253196406938,3.3461112872210252
noise,4,Precision SAC,1,20,0.0,0.15,15.0,0,1.0,1.0,1.0,0.85,0.9,0.05,0.2,0.15,0.0,331.7,0.08774398504057987,3.50155350908609
noise,4,Precision SAC,2,20,0.0,0.15,15.0,0,1.0,1.0,1.0,0.9,0.9,0.0,0.2,0.1,0.0,279.8,0.08895430796583828,2.739089839392784
noise,4,Precision SAC,3,20,0.0,0.15,15.0,0,1.0,1.0,1.0,0.85,0.9,0.05,0.25,0.15,0.0,324.45,0.08938964206399493,3.276829910375342
noise,4,Precision SAC,4,20,0.0,0.15,15.0,0,1.0,1.0,1.0,0.85,0.95,0.1,0.2,0.15,0.0,304.35,0.07536823111033884,2.9381848397795167
noise,4,Hard-switch SAC,0,20,0.0,0.15,15.0,0,1.0,1.0,1.0,0.85,0.9,0.05,0.25,0.15,0.0,333.95,0.08753348275408987,3.0731777404063005
noise,4,Hard-switch SAC,1,20,0.0,0.15,15.0,0,1.0,1.0,1.0,0.9,0.9,0.0,0.25,0.1,0.0,307.95,0.08530806113367803,3.3202368297678313
noise,4,Hard-switch SAC,2,20,0.0,0.15,15.0,0,1.0,1.0,1.0,0.9,0.9,0.0,0.4,0.1,0.0,333.85,0.08321551887942405,2.339447276162356
noise,4,Hard-switch SAC,3,20,0.0,0.15,15.0,0,1.0,1.0,1.0,0.9,0.95,0.05,0.4,0.1,0.0,403.15,0.09124180501262455,3.150530653548769
noise,4,Hard-switch SAC,4,20,0.0,0.15,15.0,0,1.0,1.0,1.0,0.8,0.9,0.1,0.3,0.2,0.0,331.35,0.08788320219525883,3.9776479188235734
noise,4,Proposed smooth SAC,0,20,0.0,0.15,15.0,0,1.0,1.0,1.0,0.75,0.95,0.2,0.45,0.25,0.0,367.55,0.09486039652466419,3.0577849639575705
noise,4,Proposed smooth SAC,1,20,0.0,0.15,15.0,0,1.0,1.0,1.0,0.8,0.9,0.1,0.15,0.2,0.0,408.3,0.10120423473050955,3.22706582843144
noise,4,Proposed smooth SAC,2,20,0.0,0.15,15.0,0,1.0,1.0,1.0,0.9,0.9,0.0,0.15,0.1,0.0,321.35,0.08468440416296853,3.099673407566572
noise,4,Proposed smooth SAC,3,20,0.0,0.15,15.0,0,1.0,1.0,1.0,0.9,0.9,0.0,0.1,0.1,0.0,260.4,0.08133405756920599,2.4514291173969367
noise,4,Proposed smooth SAC,4,20,0.0,0.15,15.0,0,1.0,1.0,1.0,0.85,0.85,0.0,0.1,0.15,0.0,347.75,0.0936566842893995,3.3825800857803805
noise,5,Baseline SAC,0,20,0.0,0.2,20.0,0,1.0,1.0,1.0,0.4,0.45,0.05,0.1,0.6,0.0,698.5,0.16098077459493962,7.190987595660703
noise,5,Baseline SAC,1,20,0.0,0.2,20.0,0,1.0,1.0,1.0,0.55,0.55,0.0,0.15,0.45,0.0,659.65,0.14103877613510563,7.751445058583644
noise,5,Baseline SAC,2,20,0.0,0.2,20.0,0,1.0,1.0,1.0,0.45,0.55,0.1,0.25,0.55,0.0,652.65,0.1537987909723878,7.601660408139611
noise,5,Baseline SAC,3,20,0.0,0.2,20.0,0,1.0,1.0,1.0,0.5,0.55,0.05,0.15,0.5,0.0,681.5,0.15210266877362827,6.70244833612904
noise,5,Baseline SAC,4,20,0.0,0.2,20.0,0,1.0,1.0,1.0,0.45,0.45,0.0,0.05,0.55,0.0,634.85,0.14937547863552578,6.799618774744252
noise,5,Precision SAC,0,20,0.0,0.2,20.0,0,1.0,1.0,1.0,0.65,0.7,0.05,0.2,0.35,0.0,542.35,0.13333954943754084,7.119635933115704
noise,5,Precision SAC,1,20,0.0,0.2,20.0,0,1.0,1.0,1.0,0.4,0.5,0.1,0.25,0.6,0.0,713.3,0.16583622766067552,8.898269486622858
noise,5,Precision SAC,2,20,0.0,0.2,20.0,0,1.0,1.0,1.0,0.4,0.45,0.05,0.1,0.6,0.0,686.75,0.1577805680743284,8.881977899301024
noise,5,Precision SAC,3,20,0.0,0.2,20.0,0,1.0,1.0,1.0,0.6,0.65,0.05,0.2,0.4,0.0,605.8,0.13836464372151241,6.084147585275581
noise,5,Precision SAC,4,20,0.0,0.2,20.0,0,1.0,1.0,1.0,0.45,0.5,0.05,0.25,0.55,0.0,680.65,0.15904399016322884,8.879137078216893
noise,5,Hard-switch SAC,0,20,0.0,0.2,20.0,0,1.0,1.0,1.0,0.5,0.6,0.1,0.15,0.5,0.0,640.8,0.1597717570983049,6.807899573364016
noise,5,Hard-switch SAC,1,20,0.0,0.2,20.0,0,1.0,1.0,1.0,0.5,0.6,0.1,0.1,0.5,0.0,610.35,0.14194926551888268,8.38420248378069
noise,5,Hard-switch SAC,2,20,0.0,0.2,20.0,0,1.0,1.0,1.0,0.5,0.55,0.05,0.25,0.5,0.0,599.2,0.15375324708074128,6.123315722619692
noise,5,Hard-switch SAC,3,20,0.0,0.2,20.0,0,1.0,1.0,1.0,0.5,0.5,0.0,0.05,0.5,0.0,614.75,0.15045140291143858,5.251477178504638
noise,5,Hard-switch SAC,4,20,0.0,0.2,20.0,0,1.0,1.0,1.0,0.6,0.6,0.0,0.2,0.4,0.0,613.65,0.1272262717353508,5.4558828660819945
noise,5,Proposed smooth SAC,0,20,0.0,0.2,20.0,0,1.0,1.0,1.0,0.6,0.65,0.05,0.1,0.4,0.0,571.75,0.135790497600252,6.349160731336946
noise,5,Proposed smooth SAC,1,20,0.0,0.2,20.0,0,1.0,1.0,1.0,0.45,0.45,0.0,0.05,0.55,0.0,649.5,0.15053497900945648,8.08864864977165
noise,5,Proposed smooth SAC,2,20,0.0,0.2,20.0,0,1.0,1.0,1.0,0.55,0.65,0.1,0.35,0.45,0.0,587.55,0.14076977140021513,6.624202428045185
noise,5,Proposed smooth SAC,3,20,0.0,0.2,20.0,0,1.0,1.0,1.0,0.6,0.6,0.0,0.1,0.4,0.0,577.25,0.13815973898148104,6.530272288535146
noise,5,Proposed smooth SAC,4,20,0.0,0.2,20.0,0,1.0,1.0,1.0,0.45,0.55,0.1,0.15,0.55,0.0,657.55,0.15691133570668103,8.380061684264414
delay,0,Baseline SAC,0,20,0.0,0.0,0.0,0,1.0,1.0,1.0,1.0,1.0,0.0,0.0,0.0,0.0,60.0,0.0704034424528026,1.8512583449706494
delay,0,Baseline SAC,1,20,0.0,0.0,0.0,0,1.0,1.0,1.0,1.0,1.0,0.0,0.0,0.0,0.0,53.6,0.060700782184035164,1.5776456328930184
delay,0,Baseline SAC,2,20,0.0,0.0,0.0,0,1.0,1.0,1.0,1.0,1.0,0.0,0.0,0.0,0.0,57.6,0.07120502827081335,2.249694681785914
delay,0,Baseline SAC,3,20,0.0,0.0,0.0,0,1.0,1.0,1.0,1.0,1.0,0.0,0.0,0.0,0.0,55.0,0.06279692361021655,1.8615426398447006
delay,0,Baseline SAC,4,20,0.0,0.0,0.0,0,1.0,1.0,1.0,1.0,1.0,0.0,0.0,0.0,0.0,56.7,0.0727580874352051,1.9607909447353926
delay,0,Precision SAC,0,20,0.0,0.0,0.0,0,1.0,1.0,1.0,1.0,1.0,0.0,0.0,0.0,0.0,52.25,0.06459476143273188,1.5534968804300502
delay,0,Precision SAC,1,20,0.0,0.0,0.0,0,1.0,1.0,1.0,1.0,1.0,0.0,0.0,0.0,0.0,56.55,0.06696387950073653,1.8663155700336094
delay,0,Precision SAC,2,20,0.0,0.0,0.0,0,1.0,1.0,1.0,1.0,1.0,0.0,0.0,0.0,0.0,55.55,0.06109888356272915,1.4847413683696276
delay,0,Precision SAC,3,20,0.0,0.0,0.0,0,1.0,1.0,1.0,1.0,1.0,0.0,0.0,0.0,0.0,53.2,0.06237285973489816,1.224335666902015
delay,0,Precision SAC,4,20,0.0,0.0,0.0,0,1.0,1.0,1.0,1.0,1.0,0.0,0.0,0.0,0.0,53.6,0.06567597789173976,1.4754727884090835
delay,0,Hard-switch SAC,0,20,0.0,0.0,0.0,0,1.0,1.0,1.0,1.0,1.0,0.0,0.0,0.0,0.0,56.0,0.06564559913438803,1.5562640998892745
delay,0,Hard-switch SAC,1,20,0.0,0.0,0.0,0,1.0,1.0,1.0,1.0,1.0,0.0,0.0,0.0,0.0,55.2,0.06424507672730687,1.4805757421329084
delay,0,Hard-switch SAC,2,20,0.0,0.0,0.0,0,1.0,1.0,1.0,1.0,1.0,0.0,0.0,0.0,0.0,52.1,0.0581893210056784,1.197499848650455
delay,0,Hard-switch SAC,3,20,0.0,0.0,0.0,0,1.0,1.0,1.0,1.0,1.0,0.0,0.0,0.0,0.0,57.0,0.06959709827728838,1.4909772421193024
delay,0,Hard-switch SAC,4,20,0.0,0.0,0.0,0,1.0,1.0,1.0,1.0,1.0,0.0,0.0,0.0,0.0,55.8,0.06753895688623293,1.6280629747397704
delay,0,Proposed smooth SAC,0,20,0.0,0.0,0.0,0,1.0,1.0,1.0,1.0,1.0,0.0,0.0,0.0,0.0,55.95,0.06823981734203724,0.8179161451623209
delay,0,Proposed smooth SAC,1,20,0.0,0.0,0.0,0,1.0,1.0,1.0,1.0,1.0,0.0,0.0,0.0,0.0,54.0,0.06664259044905393,1.448573759891705
delay,0,Proposed smooth SAC,2,20,0.0,0.0,0.0,0,1.0,1.0,1.0,1.0,1.0,0.0,0.0,0.0,0.0,53.85,0.06726710536682659,1.2078581273465236
delay,0,Proposed smooth SAC,3,20,0.0,0.0,0.0,0,1.0,1.0,1.0,1.0,1.0,0.0,0.0,0.0,0.0,54.0,0.06142120371275176,1.518720047794154
delay,0,Proposed smooth SAC,4,20,0.0,0.0,0.0,0,1.0,1.0,1.0,1.0,1.0,0.0,0.0,0.0,0.0,53.85,0.06703740956241853,1.471402563748398
delay,1,Baseline SAC,0,20,0.0,0.0,0.0,2,1.0,1.0,1.0,1.0,1.0,0.0,0.0,0.0,0.0,61.7,0.06703152997514804,1.9680887750799265
delay,1,Baseline SAC,1,20,0.0,0.0,0.0,2,1.0,1.0,1.0,1.0,1.0,0.0,0.15,0.0,0.0,54.75,0.05767352558148338,1.6568122331347124
delay,1,Baseline SAC,2,20,0.0,0.0,0.0,2,1.0,1.0,1.0,1.0,1.0,0.0,0.0,0.0,0.0,58.5,0.07062335304342585,1.9465769366243264
delay,1,Baseline SAC,3,20,0.0,0.0,0.0,2,1.0,1.0,1.0,1.0,1.0,0.0,0.0,0.0,0.0,56.9,0.050977918858478154,2.0162910765736832
delay,1,Baseline SAC,4,20,0.0,0.0,0.0,2,1.0,1.0,1.0,1.0,1.0,0.0,0.0,0.0,0.0,57.9,0.06882517958164923,1.7911273115245567
delay,1,Precision SAC,0,20,0.0,0.0,0.0,2,1.0,1.0,1.0,1.0,1.0,0.0,0.0,0.0,0.0,52.85,0.05883904755236593,1.9460272280422095
delay,1,Precision SAC,1,20,0.0,0.0,0.0,2,1.0,1.0,1.0,1.0,1.0,0.0,0.0,0.0,0.0,57.65,0.0639856203740748,1.8239419303632496
delay,1,Precision SAC,2,20,0.0,0.0,0.0,2,1.0,1.0,1.0,1.0,1.0,0.0,0.0,0.0,0.0,56.75,0.05801332673178435,1.5612316534504374
delay,1,Precision SAC,3,20,0.0,0.0,0.0,2,1.0,1.0,1.0,1.0,1.0,0.0,0.05,0.0,0.0,54.8,0.06153353265631258,1.310410475133357
delay,1,Precision SAC,4,20,0.0,0.0,0.0,2,1.0,1.0,1.0,1.0,1.0,0.0,0.0,0.0,0.0,54.95,0.059021970334087036,1.3773551746447412
delay,1,Hard-switch SAC,0,20,0.0,0.0,0.0,2,1.0,1.0,1.0,1.0,1.0,0.0,0.0,0.0,0.0,57.2,0.06655189659188224,1.5162569154937928
delay,1,Hard-switch SAC,1,20,0.0,0.0,0.0,2,1.0,1.0,1.0,1.0,1.0,0.0,0.0,0.0,0.0,56.1,0.0656084384975286,1.5784174282609738
delay,1,Hard-switch SAC,2,20,0.0,0.0,0.0,2,1.0,1.0,1.0,1.0,1.0,0.0,0.0,0.0,0.0,52.8,0.05363603527338966,1.3839012706339635
delay,1,Hard-switch SAC,3,20,0.0,0.0,0.0,2,1.0,1.0,1.0,1.0,1.0,0.0,0.0,0.0,0.0,57.55,0.06789747702657192,1.832605264099494
delay,1,Hard-switch SAC,4,20,0.0,0.0,0.0,2,1.0,1.0,1.0,1.0,1.0,0.0,0.05,0.0,0.0,57.0,0.06360170669353163,1.517859755952969
delay,1,Proposed smooth SAC,0,20,0.0,0.0,0.0,2,1.0,1.0,1.0,1.0,1.0,0.0,0.0,0.0,0.0,56.7,0.06760949412181676,0.8418589650455877
delay,1,Proposed smooth SAC,1,20,0.0,0.0,0.0,2,1.0,1.0,1.0,1.0,1.0,0.0,0.0,0.0,0.0,55.1,0.06354055401346134,1.5448561056613763
delay,1,Proposed smooth SAC,2,20,0.0,0.0,0.0,2,1.0,1.0,1.0,1.0,1.0,0.0,0.0,0.0,0.0,54.35,0.06538792800688152,1.664653632478356
delay,1,Proposed smooth SAC,3,20,0.0,0.0,0.0,2,1.0,1.0,1.0,1.0,1.0,0.0,0.0,0.0,0.0,55.0,0.060951822273280686,1.8973880702504804
delay,1,Proposed smooth SAC,4,20,0.0,0.0,0.0,2,1.0,1.0,1.0,1.0,1.0,0.0,0.0,0.0,0.0,54.75,0.06038430072656886,1.418703517585006
delay,2,Baseline SAC,0,20,0.0,0.0,0.0,4,1.0,1.0,1.0,1.0,1.0,0.0,0.15,0.0,0.0,67.2,0.04684556576529421,1.658655547112236
delay,2,Baseline SAC,1,20,0.0,0.0,0.0,4,1.0,1.0,1.0,1.0,1.0,0.0,0.3,0.0,0.0,63.0,0.04627239246298,2.154516646037181
delay,2,Baseline SAC,2,20,0.0,0.0,0.0,4,1.0,1.0,1.0,1.0,1.0,0.0,0.05,0.0,0.0,58.8,0.06134471867096749,2.217214965164865
delay,2,Baseline SAC,3,20,0.0,0.0,0.0,4,1.0,1.0,1.0,1.0,1.0,0.0,0.05,0.0,0.0,63.15,0.05426876311140873,1.8079554735717067
delay,2,Baseline SAC,4,20,0.0,0.0,0.0,4,1.0,1.0,1.0,1.0,1.0,0.0,0.15,0.0,0.0,62.65,0.05414352852697614,2.3005326804094635
delay,2,Precision SAC,0,20,0.0,0.0,0.0,4,1.0,1.0,1.0,1.0,1.0,0.0,0.2,0.0,0.0,61.55,0.05526259470381515,2.367770961411669
delay,2,Precision SAC,1,20,0.0,0.0,0.0,4,1.0,1.0,1.0,1.0,1.0,0.0,0.15,0.0,0.0,64.15,0.047851350181625715,1.6055064907837522
delay,2,Precision SAC,2,20,0.0,0.0,0.0,4,1.0,1.0,1.0,1.0,1.0,0.0,0.2,0.0,0.0,62.8,0.05068032686491915,1.9084170771916025
delay,2,Precision SAC,3,20,0.0,0.0,0.0,4,1.0,1.0,1.0,1.0,1.0,0.0,0.1,0.0,0.0,59.45,0.06044636133185166,2.3840928780417685
delay,2,Precision SAC,4,20,0.0,0.0,0.0,4,1.0,1.0,1.0,1.0,1.0,0.0,0.3,0.0,0.0,64.5,0.05296994927859892,1.944593752095313
delay,2,Hard-switch SAC,0,20,0.0,0.0,0.0,4,1.0,1.0,1.0,1.0,1.0,0.0,0.1,0.0,0.0,61.95,0.05022267190476606,1.2183104965674836
delay,2,Hard-switch SAC,1,20,0.0,0.0,0.0,4,1.0,1.0,1.0,1.0,1.0,0.0,0.1,0.0,0.0,60.95,0.05269395010044233,2.028040465033991
delay,2,Hard-switch SAC,2,20,0.0,0.0,0.0,4,1.0,1.0,1.0,1.0,1.0,0.0,0.2,0.0,0.0,58.75,0.05547006561597271,1.6802013628407853
delay,2,Hard-switch SAC,3,20,0.0,0.0,0.0,4,1.0,1.0,1.0,1.0,1.0,0.0,0.15,0.0,0.0,61.3,0.046623751589051035,2.152821122528984
delay,2,Hard-switch SAC,4,20,0.0,0.0,0.0,4,1.0,1.0,1.0,1.0,1.0,0.0,0.15,0.0,0.0,61.9,0.056313583928984,1.5558081597492763
delay,2,Proposed smooth SAC,0,20,0.0,0.0,0.0,4,1.0,1.0,1.0,1.0,1.0,0.0,0.1,0.0,0.0,59.15,0.05815555264650503,1.7723900972636588
delay,2,Proposed smooth SAC,1,20,0.0,0.0,0.0,4,1.0,1.0,1.0,1.0,1.0,0.0,0.3,0.0,0.0,64.8,0.05996993081688634,1.7833420237857702
delay,2,Proposed smooth SAC,2,20,0.0,0.0,0.0,4,1.0,1.0,1.0,1.0,1.0,0.0,0.1,0.0,0.0,58.85,0.06571599533806369,2.0083176928289728
delay,2,Proposed smooth SAC,3,20,0.0,0.0,0.0,4,1.0,1.0,1.0,1.0,1.0,0.0,0.05,0.0,0.0,58.05,0.053208080339536765,1.7552041490303505
delay,2,Proposed smooth SAC,4,20,0.0,0.0,0.0,4,1.0,1.0,1.0,1.0,1.0,0.0,0.15,0.0,0.0,56.9,0.06247111722197842,1.5870429923517786
delay,3,Baseline SAC,0,20,0.0,0.0,0.0,5,1.0,1.0,1.0,1.0,1.0,0.0,0.45,0.0,0.0,76.05,0.05954914258602213,1.774246373592866
delay,3,Baseline SAC,1,20,0.0,0.0,0.0,5,1.0,1.0,1.0,1.0,1.0,0.0,0.4,0.0,0.0,72.95,0.0643957247077379,2.5196351690032084
delay,3,Baseline SAC,2,20,0.0,0.0,0.0,5,1.0,1.0,1.0,1.0,1.0,0.0,0.35,0.0,0.0,69.45,0.05719496265055681,2.3692770541422328
delay,3,Baseline SAC,3,20,0.0,0.0,0.0,5,1.0,1.0,1.0,1.0,1.0,0.0,0.45,0.0,0.0,81.4,0.06367253459278885,2.440393235660306
delay,3,Baseline SAC,4,20,0.0,0.0,0.0,5,1.0,1.0,1.0,1.0,1.0,0.0,0.35,0.0,0.0,72.25,0.0582967692389703,2.5483175499077175
delay,3,Precision SAC,0,20,0.0,0.0,0.0,5,1.0,1.0,1.0,1.0,1.0,0.0,0.35,0.0,0.0,76.0,0.05616286049089196,2.045069286899877
delay,3,Precision SAC,1,20,0.0,0.0,0.0,5,1.0,1.0,1.0,1.0,1.0,0.0,0.2,0.0,0.0,69.2,0.06556631039760974,2.3896905579085264
delay,3,Precision SAC,2,20,0.0,0.0,0.0,5,1.0,1.0,1.0,1.0,1.0,0.0,0.5,0.0,0.0,79.95,0.06415719018487698,2.7717381863141277
delay,3,Precision SAC,3,20,0.0,0.0,0.0,5,1.0,1.0,1.0,1.0,1.0,0.0,0.5,0.0,0.0,69.1,0.06256123376312057,2.8030010547087385
delay,3,Precision SAC,4,20,0.0,0.0,0.0,5,1.0,1.0,1.0,1.0,1.0,0.0,0.5,0.0,0.0,79.5,0.06519453619815896,2.681301261010714
delay,3,Hard-switch SAC,0,20,0.0,0.0,0.0,5,1.0,1.0,1.0,1.0,1.0,0.0,0.1,0.0,0.0,73.5,0.05831604053733978,2.235989967914253
delay,3,Hard-switch SAC,1,20,0.0,0.0,0.0,5,1.0,1.0,1.0,1.0,1.0,0.0,0.45,0.0,0.0,74.8,0.06382100498505719,2.611191553306943
delay,3,Hard-switch SAC,2,20,0.0,0.0,0.0,5,1.0,1.0,1.0,1.0,1.0,0.0,0.5,0.0,0.0,77.1,0.06702123063130144,2.3777642592110824
delay,3,Hard-switch SAC,3,20,0.0,0.0,0.0,5,1.0,1.0,1.0,1.0,1.0,0.0,0.3,0.0,0.0,73.5,0.06766981364771078,2.704721923645792
delay,3,Hard-switch SAC,4,20,0.0,0.0,0.0,5,1.0,1.0,1.0,1.0,1.0,0.0,0.35,0.0,0.0,72.75,0.056322556147686186,1.963354825661065
delay,3,Proposed smooth SAC,0,20,0.0,0.0,0.0,5,1.0,1.0,1.0,1.0,1.0,0.0,0.35,0.0,0.0,69.4,0.06112195359199156,2.2915454699750515
delay,3,Proposed smooth SAC,1,20,0.0,0.0,0.0,5,1.0,1.0,1.0,1.0,1.0,0.0,0.35,0.0,0.0,73.9,0.06072880297322118,2.561285376080867
delay,3,Proposed smooth SAC,2,20,0.0,0.0,0.0,5,1.0,1.0,1.0,1.0,1.0,0.0,0.3,0.0,0.0,70.65,0.06986607738204113,2.2442086531672287
delay,3,Proposed smooth SAC,3,20,0.0,0.0,0.0,5,1.0,1.0,1.0,1.0,1.0,0.0,0.35,0.0,0.0,63.0,0.05955065058598957,2.225468088178275
delay,3,Proposed smooth SAC,4,20,0.0,0.0,0.0,5,1.0,1.0,1.0,1.0,1.0,0.0,0.4,0.0,0.0,68.3,0.06326937284085651,2.034365216203358
delay,4,Baseline SAC,0,20,0.0,0.0,0.0,6,1.0,1.0,1.0,1.0,1.0,0.0,0.65,0.0,0.0,121.05,0.06906225213392095,3.1344777063674725
delay,4,Baseline SAC,1,20,0.0,0.0,0.0,6,1.0,1.0,1.0,0.9,1.0,0.1,0.65,0.1,0.0,205.8,0.06997421741791171,3.43477521280978
delay,4,Baseline SAC,2,20,0.0,0.0,0.0,6,1.0,1.0,1.0,0.95,1.0,0.05,0.65,0.05,0.0,149.8,0.07187583958598368,2.9808516868310937
delay,4,Baseline SAC,3,20,0.0,0.0,0.0,6,1.0,1.0,1.0,0.9,1.0,0.1,0.85,0.1,0.0,231.2,0.08109087286393983,2.9056698776481236
delay,4,Baseline SAC,4,20,0.0,0.0,0.0,6,1.0,1.0,1.0,0.95,1.0,0.05,0.65,0.05,0.0,151.85,0.07129106479322268,3.1431719483355494
delay,4,Precision SAC,0,20,0.0,0.0,0.0,6,1.0,1.0,1.0,0.95,1.0,0.05,0.7,0.05,0.0,197.6,0.0787667323586761,2.9459100801336637
delay,4,Precision SAC,1,20,0.0,0.0,0.0,6,1.0,1.0,1.0,1.0,1.0,0.0,0.55,0.0,0.0,119.5,0.067334606698833,2.9431939270940317
delay,4,Precision SAC,2,20,0.0,0.0,0.0,6,1.0,1.0,1.0,0.85,1.0,0.15,0.85,0.15,0.0,261.4,0.07797893363660455,3.3940085684080046
delay,4,Precision SAC,3,20,0.0,0.0,0.0,6,1.0,1.0,1.0,0.95,1.0,0.05,1.0,0.05,0.0,252.8,0.07222991521093804,3.789473528474906
delay,4,Precision SAC,4,20,0.0,0.0,0.0,6,1.0,1.0,1.0,1.0,1.0,0.0,0.65,0.0,0.0,176.6,0.0763215295425405,3.2144102282812397
delay,4,Hard-switch SAC,0,20,0.0,0.0,0.0,6,1.0,1.0,1.0,1.0,1.0,0.0,0.65,0.0,0.0,175.05,0.07239966879999887,3.361117867832013
delay,4,Hard-switch SAC,1,20,0.0,0.0,0.0,6,1.0,1.0,1.0,0.95,1.0,0.05,0.7,0.05,0.0,202.25,0.07555152022172686,3.63019521390533
delay,4,Hard-switch SAC,2,20,0.0,0.0,0.0,6,1.0,1.0,1.0,0.8,0.95,0.15,0.7,0.2,0.0,338.8,0.07917034502096598,4.674725635641025
delay,4,Hard-switch SAC,3,20,0.0,0.0,0.0,6,1.0,1.0,1.0,0.85,0.95,0.1,0.7,0.15,0.0,285.25,0.07009167148598908,4.053218351096083
delay,4,Hard-switch SAC,4,20,0.0,0.0,0.0,6,1.0,1.0,1.0,0.85,0.95,0.1,0.7,0.15,0.0,259.15,0.06795031041450375,3.632715716459667
delay,4,Proposed smooth SAC,0,20,0.0,0.0,0.0,6,1.0,1.0,1.0,1.0,1.0,0.0,0.85,0.0,0.0,119.6,0.067838959553661,2.7480474450592602
delay,4,Proposed smooth SAC,1,20,0.0,0.0,0.0,6,1.0,1.0,1.0,1.0,1.0,0.0,0.55,0.0,0.0,125.05,0.0669145833981125,3.02346994962861
delay,4,Proposed smooth SAC,2,20,0.0,0.0,0.0,6,1.0,1.0,1.0,0.95,1.0,0.05,0.8,0.05,0.0,160.7,0.08095577655860518,3.7088477023397415
delay,4,Proposed smooth SAC,3,20,0.0,0.0,0.0,6,1.0,1.0,1.0,1.0,1.0,0.0,0.65,0.0,0.0,149.85,0.07406728876193922,3.021269420624072
delay,4,Proposed smooth SAC,4,20,0.0,0.0,0.0,6,1.0,1.0,1.0,0.9,1.0,0.1,0.8,0.1,0.0,209.0,0.07975722127037736,3.734077575364251
delay,5,Baseline SAC,0,20,0.0,0.0,0.0,7,1.0,1.0,1.0,0.8,1.0,0.2,0.85,0.2,0.0,493.2,0.09614742778672297,4.3380350156720695
delay,5,Baseline SAC,1,20,0.0,0.0,0.0,7,1.0,1.0,1.0,0.15,0.85,0.7,0.8,0.85,0.0,897.25,0.137517272678818,8.381516845394914
delay,5,Baseline SAC,2,20,0.0,0.0,0.0,7,1.0,1.0,1.0,0.4,0.95,0.55,0.95,0.6,0.0,723.05,0.12614898735855462,7.838783225111191
delay,5,Baseline SAC,3,20,0.0,0.0,0.0,7,1.0,1.0,1.0,0.2,0.9,0.7,0.85,0.8,0.0,861.4,0.12023025465963488,7.383079210889153
delay,5,Baseline SAC,4,20,0.0,0.0,0.0,7,1.0,1.0,1.0,0.25,1.0,0.75,0.95,0.75,0.0,815.25,0.13420948268605085,8.014436000075696
delay,5,Precision SAC,0,20,0.0,0.0,0.0,7,1.0,1.0,1.0,0.2,0.9,0.7,0.85,0.8,0.0,903.75,0.12728351183455572,6.144325335147862
delay,5,Precision SAC,1,20,0.0,0.0,0.0,7,1.0,1.0,1.0,0.55,0.95,0.4,0.9,0.45,0.0,605.0,0.10339232481082812,5.921910422085385
delay,5,Precision SAC,2,20,0.0,0.0,0.0,7,1.0,1.0,1.0,0.4,0.9,0.5,0.7,0.6,0.0,735.45,0.12918518931894407,7.463697659386146
delay,5,Precision SAC,3,20,0.0,0.0,0.0,7,1.0,1.0,1.0,0.0,0.6,0.6,0.6,1.0,0.0,1000.0,0.17755593257382543,9.538232700029287
delay,5,Precision SAC,4,20,0.0,0.0,0.0,7,1.0,1.0,1.0,0.25,1.0,0.75,0.9,0.75,0.0,836.6,0.15263041303761815,9.219314166913659
delay,5,Hard-switch SAC,0,20,0.0,0.0,0.0,7,1.0,1.0,1.0,0.2,1.0,0.8,0.85,0.8,0.0,829.0,0.14904255823291246,8.53054628502407
delay,5,Hard-switch SAC,1,20,0.0,0.0,0.0,7,1.0,1.0,1.0,0.35,0.85,0.5,0.75,0.65,0.0,739.9,0.13076234553701632,7.047862755184434
delay,5,Hard-switch SAC,2,20,0.0,0.0,0.0,7,1.0,1.0,1.0,0.2,0.7,0.5,0.6,0.8,0.0,843.85,0.14467102576841212,5.939734462399109
delay,5,Hard-switch SAC,3,20,0.0,0.0,0.0,7,1.0,1.0,1.0,0.15,0.75,0.6,0.75,0.85,0.0,882.05,0.15232869749326364,8.622355633454543
delay,5,Hard-switch SAC,4,20,0.0,0.0,0.0,7,1.0,1.0,1.0,0.4,0.9,0.5,0.8,0.6,0.0,695.45,0.12407083634302071,7.220572187858663
delay,5,Proposed smooth SAC,0,20,0.0,0.0,0.0,7,1.0,1.0,1.0,0.25,1.0,0.75,1.0,0.75,0.0,809.45,0.1352811785042821,8.887209017122355
delay,5,Proposed smooth SAC,1,20,0.0,0.0,0.0,7,1.0,1.0,1.0,0.3,1.0,0.7,0.85,0.7,0.0,738.05,0.14283062414410994,6.4955271455757595
delay,5,Proposed smooth SAC,2,20,0.0,0.0,0.0,7,1.0,1.0,1.0,0.25,1.0,0.75,0.9,0.75,0.0,822.8,0.12001076516575297,7.703326610668657
delay,5,Proposed smooth SAC,3,20,0.0,0.0,0.0,7,1.0,1.0,1.0,0.05,0.9,0.85,0.9,0.95,0.0,957.45,0.13777707904461917,8.811026142997909
delay,5,Proposed smooth SAC,4,20,0.0,0.0,0.0,7,1.0,1.0,1.0,0.3,1.0,0.7,0.9,0.7,0.0,762.95,0.13629430350026003,7.323256203966887
combined,0,Baseline SAC,0,20,0.0,0.0,0.0,0,1.0,1.0,1.0,1.0,1.0,0.0,0.0,0.0,0.0,60.0,0.0704034424528026,1.8512583449706494
combined,0,Baseline SAC,1,20,0.0,0.0,0.0,0,1.0,1.0,1.0,1.0,1.0,0.0,0.0,0.0,0.0,53.6,0.060700782184035164,1.5776456328930184
combined,0,Baseline SAC,2,20,0.0,0.0,0.0,0,1.0,1.0,1.0,1.0,1.0,0.0,0.0,0.0,0.0,57.6,0.07120502827081335,2.249694681785914
combined,0,Baseline SAC,3,20,0.0,0.0,0.0,0,1.0,1.0,1.0,1.0,1.0,0.0,0.0,0.0,0.0,55.0,0.06279692361021655,1.8615426398447006
combined,0,Baseline SAC,4,20,0.0,0.0,0.0,0,1.0,1.0,1.0,1.0,1.0,0.0,0.0,0.0,0.0,56.7,0.0727580874352051,1.9607909447353926
combined,0,Precision SAC,0,20,0.0,0.0,0.0,0,1.0,1.0,1.0,1.0,1.0,0.0,0.0,0.0,0.0,52.25,0.06459476143273188,1.5534968804300502
combined,0,Precision SAC,1,20,0.0,0.0,0.0,0,1.0,1.0,1.0,1.0,1.0,0.0,0.0,0.0,0.0,56.55,0.06696387950073653,1.8663155700336094
combined,0,Precision SAC,2,20,0.0,0.0,0.0,0,1.0,1.0,1.0,1.0,1.0,0.0,0.0,0.0,0.0,55.55,0.06109888356272915,1.4847413683696276
combined,0,Precision SAC,3,20,0.0,0.0,0.0,0,1.0,1.0,1.0,1.0,1.0,0.0,0.0,0.0,0.0,53.2,0.06237285973489816,1.224335666902015
combined,0,Precision SAC,4,20,0.0,0.0,0.0,0,1.0,1.0,1.0,1.0,1.0,0.0,0.0,0.0,0.0,53.6,0.06567597789173976,1.4754727884090835
combined,0,Hard-switch SAC,0,20,0.0,0.0,0.0,0,1.0,1.0,1.0,1.0,1.0,0.0,0.0,0.0,0.0,56.0,0.06564559913438803,1.5562640998892745
combined,0,Hard-switch SAC,1,20,0.0,0.0,0.0,0,1.0,1.0,1.0,1.0,1.0,0.0,0.0,0.0,0.0,55.2,0.06424507672730687,1.4805757421329084
combined,0,Hard-switch SAC,2,20,0.0,0.0,0.0,0,1.0,1.0,1.0,1.0,1.0,0.0,0.0,0.0,0.0,52.1,0.0581893210056784,1.197499848650455
combined,0,Hard-switch SAC,3,20,0.0,0.0,0.0,0,1.0,1.0,1.0,1.0,1.0,0.0,0.0,0.0,0.0,57.0,0.06959709827728838,1.4909772421193024
combined,0,Hard-switch SAC,4,20,0.0,0.0,0.0,0,1.0,1.0,1.0,1.0,1.0,0.0,0.0,0.0,0.0,55.8,0.06753895688623293,1.6280629747397704
combined,0,Proposed smooth SAC,0,20,0.0,0.0,0.0,0,1.0,1.0,1.0,1.0,1.0,0.0,0.0,0.0,0.0,55.95,0.06823981734203724,0.8179161451623209
combined,0,Proposed smooth SAC,1,20,0.0,0.0,0.0,0,1.0,1.0,1.0,1.0,1.0,0.0,0.0,0.0,0.0,54.0,0.06664259044905393,1.448573759891705
combined,0,Proposed smooth SAC,2,20,0.0,0.0,0.0,0,1.0,1.0,1.0,1.0,1.0,0.0,0.0,0.0,0.0,53.85,0.06726710536682659,1.2078581273465236
combined,0,Proposed smooth SAC,3,20,0.0,0.0,0.0,0,1.0,1.0,1.0,1.0,1.0,0.0,0.0,0.0,0.0,54.0,0.06142120371275176,1.518720047794154
combined,0,Proposed smooth SAC,4,20,0.0,0.0,0.0,0,1.0,1.0,1.0,1.0,1.0,0.0,0.0,0.0,0.0,53.85,0.06703740956241853,1.471402563748398
combined,1,Baseline SAC,0,20,0.05,0.02,2.0,1,1.1,1.1,0.95,1.0,1.0,0.0,0.0,0.0,0.0,63.0,0.07109534149354559,1.9578513380383247
combined,1,Baseline SAC,1,20,0.05,0.02,2.0,1,1.1,1.1,0.95,1.0,1.0,0.0,0.0,0.0,0.0,55.9,0.05076009025111694,2.06036639767804
combined,1,Baseline SAC,2,20,0.05,0.02,2.0,1,1.1,1.1,0.95,1.0,1.0,0.0,0.0,0.0,0.0,60.75,0.06711719591141402,1.9022530645858922
combined,1,Baseline SAC,3,20,0.05,0.02,2.0,1,1.1,1.1,0.95,1.0,1.0,0.0,0.0,0.0,0.0,58.95,0.060305715637548066,2.2260881746393983
combined,1,Baseline SAC,4,20,0.05,0.02,2.0,1,1.1,1.1,0.95,1.0,1.0,0.0,0.0,0.0,0.0,60.1,0.06928896277447422,1.9580987763152429
combined,1,Precision SAC,0,20,0.05,0.02,2.0,1,1.1,1.1,0.95,1.0,1.0,0.0,0.0,0.0,0.0,54.9,0.05807074504005107,2.339238489152218
combined,1,Precision SAC,1,20,0.05,0.02,2.0,1,1.1,1.1,0.95,1.0,1.0,0.0,0.0,0.0,0.0,60.0,0.05751448302311931,2.0248305556015516
combined,1,Precision SAC,2,20,0.05,0.02,2.0,1,1.1,1.1,0.95,1.0,1.0,0.0,0.0,0.0,0.0,57.55,0.05497249663809335,1.472118742641848
combined,1,Precision SAC,3,20,0.05,0.02,2.0,1,1.1,1.1,0.95,1.0,1.0,0.0,0.0,0.0,0.0,55.35,0.060917700495866624,1.2160738226564676
combined,1,Precision SAC,4,20,0.05,0.02,2.0,1,1.1,1.1,0.95,1.0,1.0,0.0,0.0,0.0,0.0,56.15,0.05941532076942602,1.8177917747372714
combined,1,Hard-switch SAC,0,20,0.05,0.02,2.0,1,1.1,1.1,0.95,1.0,1.0,0.0,0.0,0.0,0.0,59.9,0.0628102847790435,1.599431265176102
combined,1,Hard-switch SAC,1,20,0.05,0.02,2.0,1,1.1,1.1,0.95,1.0,1.0,0.0,0.0,0.0,0.0,57.3,0.05793591935543861,2.0526379739321365
combined,1,Hard-switch SAC,2,20,0.05,0.02,2.0,1,1.1,1.1,0.95,1.0,1.0,0.0,0.0,0.0,0.0,54.45,0.05180250290255809,1.6028074354785264
combined,1,Hard-switch SAC,3,20,0.05,0.02,2.0,1,1.1,1.1,0.95,1.0,1.0,0.0,0.05,0.0,0.0,60.6,0.06463392789524768,1.7268108318700783
combined,1,Hard-switch SAC,4,20,0.05,0.02,2.0,1,1.1,1.1,0.95,1.0,1.0,0.0,0.0,0.0,0.0,57.7,0.06326669121303556,1.6768489605878192
combined,1,Proposed smooth SAC,0,20,0.05,0.02,2.0,1,1.1,1.1,0.95,1.0,1.0,0.0,0.0,0.0,0.0,57.95,0.06373384910883828,1.5966772399798304
combined,1,Proposed smooth SAC,1,20,0.05,0.02,2.0,1,1.1,1.1,0.95,1.0,1.0,0.0,0.05,0.0,0.0,57.1,0.06197851343457593,1.4680375075736471
combined,1,Proposed smooth SAC,2,20,0.05,0.02,2.0,1,1.1,1.1,0.95,1.0,1.0,0.0,0.0,0.0,0.0,55.75,0.060874106024728404,1.5475257919869345
combined,1,Proposed smooth SAC,3,20,0.05,0.02,2.0,1,1.1,1.1,0.95,1.0,1.0,0.0,0.0,0.0,0.0,56.8,0.058203280901027,2.275096074600902
combined,1,Proposed smooth SAC,4,20,0.05,0.02,2.0,1,1.1,1.1,0.95,1.0,1.0,0.0,0.0,0.0,0.0,55.7,0.057306294550161396,1.9997348461019389
combined,2,Baseline SAC,0,20,0.1,0.05,5.0,2,1.25,1.25,0.9,0.85,0.85,0.0,0.15,0.15,0.0,246.6,0.08997854407127637,2.5924520832159894
combined,2,Baseline SAC,1,20,0.1,0.05,5.0,2,1.25,1.25,0.9,1.0,1.0,0.0,0.2,0.0,0.0,173.15,0.08000874923314807,2.44933884472316
combined,2,Baseline SAC,2,20,0.1,0.05,5.0,2,1.25,1.25,0.9,0.85,0.85,0.0,0.05,0.15,0.0,229.5,0.08814365715100135,2.6688757548592115
combined,2,Baseline SAC,3,20,0.1,0.05,5.0,2,1.25,1.25,0.9,1.0,1.0,0.0,0.0,0.0,0.0,114.55,0.06732865397071948,2.630731192398861
combined,2,Baseline SAC,4,20,0.1,0.05,5.0,2,1.25,1.25,0.9,0.95,0.95,0.0,0.1,0.05,0.0,175.95,0.07880614884632894,2.5040610737103766
combined,2,Precision SAC,0,20,0.1,0.05,5.0,2,1.25,1.25,0.9,0.95,0.95,0.0,0.25,0.05,0.0,152.25,0.07827153297082538,1.8444923829242075
combined,2,Precision SAC,1,20,0.1,0.05,5.0,2,1.25,1.25,0.9,0.9,0.95,0.05,0.1,0.1,0.0,179.3,0.08231198939484237,2.3220675369860984
combined,2,Precision SAC,2,20,0.1,0.05,5.0,2,1.25,1.25,0.9,0.9,0.95,0.05,0.15,0.1,0.0,176.4,0.07636919225346808,2.2686561006748756
combined,2,Precision SAC,3,20,0.1,0.05,5.0,2,1.25,1.25,0.9,1.0,1.0,0.0,0.25,0.0,0.0,136.8,0.07530001462929957,2.269012694579478
combined,2,Precision SAC,4,20,0.1,0.05,5.0,2,1.25,1.25,0.9,1.0,1.0,0.0,0.1,0.0,0.0,127.35,0.07576628580258399,2.4380530029924303
combined,2,Hard-switch SAC,0,20,0.1,0.05,5.0,2,1.25,1.25,0.9,1.0,1.0,0.0,0.2,0.0,0.0,82.3,0.07089873148002779,1.7032805948288412
combined,2,Hard-switch SAC,1,20,0.1,0.05,5.0,2,1.25,1.25,0.9,1.0,1.0,0.0,0.2,0.0,0.0,161.15,0.07587600071290383,2.618079877458654
combined,2,Hard-switch SAC,2,20,0.1,0.05,5.0,2,1.25,1.25,0.9,1.0,1.0,0.0,0.2,0.0,0.0,97.9,0.06926178027518623,2.5018505083319065
combined,2,Hard-switch SAC,3,20,0.1,0.05,5.0,2,1.25,1.25,0.9,1.0,1.0,0.0,0.2,0.0,0.0,168.3,0.07337430592728376,2.640587585259561
combined,2,Hard-switch SAC,4,20,0.1,0.05,5.0,2,1.25,1.25,0.9,0.9,0.95,0.05,0.1,0.1,0.0,194.75,0.07438832832736139,2.342719901689089
combined,2,Proposed smooth SAC,0,20,0.1,0.05,5.0,2,1.25,1.25,0.9,1.0,1.0,0.0,0.3,0.0,0.0,124.5,0.0768076502746172,2.4077983902477267
combined,2,Proposed smooth SAC,1,20,0.1,0.05,5.0,2,1.25,1.25,0.9,0.95,0.95,0.0,0.1,0.05,0.0,174.8,0.08017944715542832,2.6761453112888303
combined,2,Proposed smooth SAC,2,20,0.1,0.05,5.0,2,1.25,1.25,0.9,0.95,1.0,0.05,0.2,0.05,0.0,127.6,0.07453504917304597,2.1815583908236578
combined,2,Proposed smooth SAC,3,20,0.1,0.05,5.0,2,1.25,1.25,0.9,1.0,1.0,0.0,0.4,0.0,0.0,146.75,0.07667012676526182,1.8818191579639905
combined,2,Proposed smooth SAC,4,20,0.1,0.05,5.0,2,1.25,1.25,0.9,1.0,1.0,0.0,0.1,0.0,0.0,111.4,0.07026778776667762,1.8549818429405072
combined,3,Baseline SAC,0,20,0.15,0.08,8.0,3,1.5,1.5,0.8,0.6,0.65,0.05,0.2,0.4,0.0,535.75,0.1165985762650696,2.7580522754730046
combined,3,Baseline SAC,1,20,0.15,0.08,8.0,3,1.5,1.5,0.8,0.7,0.75,0.05,0.2,0.3,0.0,477.3,0.12136866929256707,3.110279673489333
combined,3,Baseline SAC,2,20,0.15,0.08,8.0,3,1.5,1.5,0.8,0.55,0.65,0.1,0.15,0.45,0.0,577.9,0.12768284700127477,2.9121752152838862
combined,3,Baseline SAC,3,20,0.15,0.08,8.0,3,1.5,1.5,0.8,0.7,0.7,0.0,0.2,0.3,0.0,460.15,0.10432470196614932,3.0713147289369434
combined,3,Baseline SAC,4,20,0.15,0.08,8.0,3,1.5,1.5,0.8,0.6,0.6,0.0,0.2,0.4,0.0,504.8,0.12037416304190943,2.8295959523780563
combined,3,Precision SAC,0,20,0.15,0.08,8.0,3,1.5,1.5,0.8,0.7,0.75,0.05,0.2,0.3,0.0,460.8,0.10924677474378333,3.305983352218032
combined,3,Precision SAC,1,20,0.15,0.08,8.0,3,1.5,1.5,0.8,0.8,0.8,0.0,0.1,0.2,0.0,357.1,0.10057392505688892,2.687631658091823
combined,3,Precision SAC,2,20,0.15,0.08,8.0,3,1.5,1.5,0.8,0.85,0.85,0.0,0.2,0.15,0.0,292.65,0.09462813764463825,2.3102184361015423
combined,3,Precision SAC,3,20,0.15,0.08,8.0,3,1.5,1.5,0.8,0.7,0.75,0.05,0.35,0.3,0.0,419.8,0.09653811381357787,2.7024250537578784
combined,3,Precision SAC,4,20,0.15,0.08,8.0,3,1.5,1.5,0.8,0.7,0.8,0.1,0.2,0.3,0.0,398.65,0.09829737566989821,2.9857203687349445
combined,3,Hard-switch SAC,0,20,0.15,0.08,8.0,3,1.5,1.5,0.8,0.7,0.75,0.05,0.15,0.3,0.0,450.2,0.1031939161568185,3.0848487018364485
combined,3,Hard-switch SAC,1,20,0.15,0.08,8.0,3,1.5,1.5,0.8,0.8,0.85,0.05,0.25,0.2,0.0,310.0,0.09911216323320426,3.3418756447918296
combined,3,Hard-switch SAC,2,20,0.15,0.08,8.0,3,1.5,1.5,0.8,0.75,0.85,0.1,0.3,0.25,0.0,369.75,0.105553677466162,3.4439249202147053
combined,3,Hard-switch SAC,3,20,0.15,0.08,8.0,3,1.5,1.5,0.8,0.75,0.8,0.05,0.2,0.25,0.0,437.6,0.10037810665613187,3.2763747563074084
combined,3,Hard-switch SAC,4,20,0.15,0.08,8.0,3,1.5,1.5,0.8,0.85,0.85,0.0,0.1,0.15,0.0,318.4,0.08728116096738779,3.5653678954648838
combined,3,Proposed smooth SAC,0,20,0.15,0.08,8.0,3,1.5,1.5,0.8,0.8,0.9,0.1,0.35,0.2,0.0,405.15,0.10627356432081776,2.6959562106099235
combined,3,Proposed smooth SAC,1,20,0.15,0.08,8.0,3,1.5,1.5,0.8,0.7,0.7,0.0,0.15,0.3,0.0,447.75,0.11180123018052053,3.0240258702165006
combined,3,Proposed smooth SAC,2,20,0.15,0.08,8.0,3,1.5,1.5,0.8,0.7,0.8,0.1,0.2,0.3,0.0,403.8,0.10522568826984133,3.1062199784673847
combined,3,Proposed smooth SAC,3,20,0.15,0.08,8.0,3,1.5,1.5,0.8,0.65,0.7,0.05,0.2,0.35,0.0,435.0,0.10962148006538522,2.962388810386561
combined,3,Proposed smooth SAC,4,20,0.15,0.08,8.0,3,1.5,1.5,0.8,0.75,0.8,0.05,0.2,0.25,0.0,397.55,0.10068551357557227,3.8180877985862685
combined,4,Baseline SAC,0,20,0.2,0.12,12.0,5,2.0,2.0,0.7,0.4,0.45,0.05,0.05,0.6,0.0,747.25,0.1743568833802916,5.9355690782038835
combined,4,Baseline SAC,1,20,0.2,0.12,12.0,5,2.0,2.0,0.7,0.35,0.35,0.0,0.05,0.65,0.0,725.05,0.20108049578091675,5.55365047567356
combined,4,Baseline SAC,2,20,0.2,0.12,12.0,5,2.0,2.0,0.7,0.35,0.4,0.05,0.05,0.65,0.0,750.45,0.1998962632147781,5.032838938502441
combined,4,Baseline SAC,3,20,0.2,0.12,12.0,5,2.0,2.0,0.7,0.25,0.35,0.1,0.2,0.75,0.0,840.4,0.18821155647869853,5.015417580862476
combined,4,Baseline SAC,4,20,0.2,0.12,12.0,5,2.0,2.0,0.7,0.3,0.3,0.0,0.05,0.7,0.0,819.05,0.20485166735918758,6.041387730924425
combined,4,Precision SAC,0,20,0.2,0.12,12.0,5,2.0,2.0,0.7,0.25,0.4,0.15,0.2,0.75,0.0,834.35,0.18995875848040156,5.537104433122655
combined,4,Precision SAC,1,20,0.2,0.12,12.0,5,2.0,2.0,0.7,0.3,0.35,0.05,0.15,0.7,0.0,765.7,0.2027423253824013,7.038784475950178
combined,4,Precision SAC,2,20,0.2,0.12,12.0,5,2.0,2.0,0.7,0.45,0.45,0.0,0.0,0.55,0.0,681.75,0.16956091290499747,5.876175387691077
combined,4,Precision SAC,3,20,0.2,0.12,12.0,5,2.0,2.0,0.7,0.4,0.45,0.05,0.05,0.6,0.0,691.8,0.1708842154613735,4.4384891437699805
combined,4,Precision SAC,4,20,0.2,0.12,12.0,5,2.0,2.0,0.7,0.35,0.45,0.1,0.15,0.65,0.0,715.05,0.16229302903688414,5.315020659503928
combined,4,Hard-switch SAC,0,20,0.2,0.12,12.0,5,2.0,2.0,0.7,0.3,0.35,0.05,0.0,0.7,0.0,754.3,0.1714331750324888,5.67737042121559
combined,4,Hard-switch SAC,1,20,0.2,0.12,12.0,5,2.0,2.0,0.7,0.45,0.45,0.0,0.05,0.55,0.0,664.65,0.1725629140304461,5.861948324763976
combined,4,Hard-switch SAC,2,20,0.2,0.12,12.0,5,2.0,2.0,0.7,0.35,0.35,0.0,0.0,0.65,0.0,787.95,0.1761674794959985,4.840700537145187
combined,4,Hard-switch SAC,3,20,0.2,0.12,12.0,5,2.0,2.0,0.7,0.4,0.45,0.05,0.1,0.6,0.0,746.65,0.1750367726127716,6.979348970205519
combined,4,Hard-switch SAC,4,20,0.2,0.12,12.0,5,2.0,2.0,0.7,0.5,0.5,0.0,0.05,0.5,0.0,624.6,0.1585122606276963,5.233165459349123
combined,4,Proposed smooth SAC,0,20,0.2,0.12,12.0,5,2.0,2.0,0.7,0.35,0.4,0.05,0.05,0.65,0.0,747.8,0.1796888031044767,5.6664187038013205
combined,4,Proposed smooth SAC,1,20,0.2,0.12,12.0,5,2.0,2.0,0.7,0.4,0.5,0.1,0.2,0.6,0.0,750.65,0.1837897418998468,5.141068735378394
combined,4,Proposed smooth SAC,2,20,0.2,0.12,12.0,5,2.0,2.0,0.7,0.45,0.45,0.0,0.05,0.55,0.0,624.5,0.17240368364410183,5.175717046065565
combined,4,Proposed smooth SAC,3,20,0.2,0.12,12.0,5,2.0,2.0,0.7,0.35,0.4,0.05,0.05,0.65,0.0,793.8,0.1952637503530567,4.952723048687821
combined,4,Proposed smooth SAC,4,20,0.2,0.12,12.0,5,2.0,2.0,0.7,0.4,0.45,0.05,0.1,0.6,0.0,718.35,0.1750749351850466,5.720371973549913
combined,5,Baseline SAC,0,20,0.3,0.2,20.0,7,2.5,2.5,0.6,0.05,0.05,0.0,0.0,0.95,0.0,969.2,0.4366890104865102,9.143150646103546
combined,5,Baseline SAC,1,20,0.3,0.2,20.0,7,2.5,2.5,0.6,0.05,0.05,0.0,0.0,0.95,0.0,996.8,0.4483355344593451,6.867777000352099
combined,5,Baseline SAC,2,20,0.3,0.2,20.0,7,2.5,2.5,0.6,0.05,0.05,0.0,0.0,0.95,0.0,996.1,0.45084607617867356,9.529403629318242
combined,5,Baseline SAC,3,20,0.3,0.2,20.0,7,2.5,2.5,0.6,0.15,0.15,0.0,0.0,0.85,0.0,937.75,0.40457808144341845,7.921192144166338
combined,5,Baseline SAC,4,20,0.3,0.2,20.0,7,2.5,2.5,0.6,0.1,0.1,0.0,0.0,0.9,0.0,952.25,0.4118606556190336,8.456604493349861
combined,5,Precision SAC,0,20,0.3,0.2,20.0,7,2.5,2.5,0.6,0.05,0.05,0.0,0.0,0.95,0.0,971.7,0.42550227442822963,8.831842695293311
combined,5,Precision SAC,1,20,0.3,0.2,20.0,7,2.5,2.5,0.6,0.0,0.0,0.0,0.0,1.0,0.0,1000.0,0.4688162234628802,10.172248275419914
combined,5,Precision SAC,2,20,0.3,0.2,20.0,7,2.5,2.5,0.6,0.05,0.1,0.05,0.05,0.95,0.0,978.3,0.41999941447518374,9.151281149879077
combined,5,Precision SAC,3,20,0.3,0.2,20.0,7,2.5,2.5,0.6,0.05,0.1,0.05,0.05,0.95,0.0,996.4,0.4076002471809703,8.528457947348219
combined,5,Precision SAC,4,20,0.3,0.2,20.0,7,2.5,2.5,0.6,0.0,0.0,0.0,0.0,1.0,0.0,1000.0,0.4319646255255892,8.817572318361398
combined,5,Hard-switch SAC,0,20,0.3,0.2,20.0,7,2.5,2.5,0.6,0.1,0.1,0.0,0.0,0.9,0.0,952.65,0.420961818873072,8.887864976750855
combined,5,Hard-switch SAC,1,20,0.3,0.2,20.0,7,2.5,2.5,0.6,0.15,0.15,0.0,0.0,0.85,0.0,902.45,0.3858960538930726,7.575157231773318
combined,5,Hard-switch SAC,2,20,0.3,0.2,20.0,7,2.5,2.5,0.6,0.1,0.15,0.05,0.05,0.9,0.0,952.6,0.3981835048908866,9.063611072176444
combined,5,Hard-switch SAC,3,20,0.3,0.2,20.0,7,2.5,2.5,0.6,0.1,0.1,0.0,0.05,0.9,0.0,965.3,0.40984437665818946,8.579152264371492
combined,5,Hard-switch SAC,4,20,0.3,0.2,20.0,7,2.5,2.5,0.6,0.05,0.05,0.0,0.0,0.95,0.0,969.75,0.4314155325859533,9.279689413306619
combined,5,Proposed smooth SAC,0,20,0.3,0.2,20.0,7,2.5,2.5,0.6,0.2,0.2,0.0,0.0,0.8,0.0,897.05,0.37786241992901914,7.806093997106426
combined,5,Proposed smooth SAC,1,20,0.3,0.2,20.0,7,2.5,2.5,0.6,0.1,0.1,0.0,0.0,0.9,0.0,959.25,0.417314122358623,8.539903152266623
combined,5,Proposed smooth SAC,2,20,0.3,0.2,20.0,7,2.5,2.5,0.6,0.15,0.15,0.0,0.0,0.85,0.0,940.3,0.3872997771232149,8.888393242524367
combined,5,Proposed smooth SAC,3,20,0.3,0.2,20.0,7,2.5,2.5,0.6,0.1,0.1,0.0,0.0,0.9,0.0,936.75,0.402230216479044,8.908505368195597
combined,5,Proposed smooth SAC,4,20,0.3,0.2,20.0,7,2.5,2.5,0.6,0.15,0.15,0.0,0.0,0.85,0.0,911.75,0.38232101400537805,8.896429697129665
